KsponSpeech_000015.wav,KsponSpeech_000015.label
KsponSpeech_000173.wav,KsponSpeech_000173.label
KsponSpeech_000458.wav,KsponSpeech_000458.label
KsponSpeech_000194.wav,KsponSpeech_000194.label
KsponSpeech_000986.wav,KsponSpeech_000986.label
KsponSpeech_000920.wav,KsponSpeech_000920.label
KsponSpeech_000545.wav,KsponSpeech_000545.label
KsponSpeech_000045.wav,KsponSpeech_000045.label
KsponSpeech_000825.wav,KsponSpeech_000825.label
KsponSpeech_000905.wav,KsponSpeech_000905.label
KsponSpeech_000378.wav,KsponSpeech_000378.label
KsponSpeech_000900.wav,KsponSpeech_000900.label
KsponSpeech_000107.wav,KsponSpeech_000107.label
KsponSpeech_000135.wav,KsponSpeech_000135.label
KsponSpeech_000382.wav,KsponSpeech_000382.label
KsponSpeech_000488.wav,KsponSpeech_000488.label
KsponSpeech_000431.wav,KsponSpeech_000431.label
KsponSpeech_000741.wav,KsponSpeech_000741.label
KsponSpeech_000253.wav,KsponSpeech_000253.label
KsponSpeech_000271.wav,KsponSpeech_000271.label
KsponSpeech_000493.wav,KsponSpeech_000493.label
KsponSpeech_000847.wav,KsponSpeech_000847.label
KsponSpeech_000340.wav,KsponSpeech_000340.label
KsponSpeech_000438.wav,KsponSpeech_000438.label
KsponSpeech_000437.wav,KsponSpeech_000437.label
KsponSpeech_000123.wav,KsponSpeech_000123.label
KsponSpeech_000454.wav,KsponSpeech_000454.label
KsponSpeech_000308.wav,KsponSpeech_000308.label
KsponSpeech_000277.wav,KsponSpeech_000277.label
KsponSpeech_000884.wav,KsponSpeech_000884.label
KsponSpeech_000440.wav,KsponSpeech_000440.label
KsponSpeech_000692.wav,KsponSpeech_000692.label
KsponSpeech_000425.wav,KsponSpeech_000425.label
KsponSpeech_000500.wav,KsponSpeech_000500.label
KsponSpeech_000983.wav,KsponSpeech_000983.label
KsponSpeech_000491.wav,KsponSpeech_000491.label
KsponSpeech_000105.wav,KsponSpeech_000105.label
KsponSpeech_000332.wav,KsponSpeech_000332.label
KsponSpeech_000950.wav,KsponSpeech_000950.label
KsponSpeech_000359.wav,KsponSpeech_000359.label
KsponSpeech_000019.wav,KsponSpeech_000019.label
KsponSpeech_000729.wav,KsponSpeech_000729.label
KsponSpeech_000962.wav,KsponSpeech_000962.label
KsponSpeech_000311.wav,KsponSpeech_000311.label
KsponSpeech_000999.wav,KsponSpeech_000999.label
KsponSpeech_000528.wav,KsponSpeech_000528.label
KsponSpeech_000292.wav,KsponSpeech_000292.label
KsponSpeech_000690.wav,KsponSpeech_000690.label
KsponSpeech_000016.wav,KsponSpeech_000016.label
KsponSpeech_000028.wav,KsponSpeech_000028.label
KsponSpeech_000726.wav,KsponSpeech_000726.label
KsponSpeech_000953.wav,KsponSpeech_000953.label
KsponSpeech_000413.wav,KsponSpeech_000413.label
KsponSpeech_000728.wav,KsponSpeech_000728.label
KsponSpeech_000348.wav,KsponSpeech_000348.label
KsponSpeech_000613.wav,KsponSpeech_000613.label
KsponSpeech_000468.wav,KsponSpeech_000468.label
KsponSpeech_000043.wav,KsponSpeech_000043.label
KsponSpeech_000022.wav,KsponSpeech_000022.label
KsponSpeech_000696.wav,KsponSpeech_000696.label
KsponSpeech_000291.wav,KsponSpeech_000291.label
KsponSpeech_000275.wav,KsponSpeech_000275.label
KsponSpeech_000555.wav,KsponSpeech_000555.label
KsponSpeech_000564.wav,KsponSpeech_000564.label
KsponSpeech_000409.wav,KsponSpeech_000409.label
KsponSpeech_000462.wav,KsponSpeech_000462.label
KsponSpeech_000176.wav,KsponSpeech_000176.label
KsponSpeech_000997.wav,KsponSpeech_000997.label
KsponSpeech_000240.wav,KsponSpeech_000240.label
KsponSpeech_000350.wav,KsponSpeech_000350.label
KsponSpeech_000166.wav,KsponSpeech_000166.label
KsponSpeech_000520.wav,KsponSpeech_000520.label
KsponSpeech_000749.wav,KsponSpeech_000749.label
KsponSpeech_000522.wav,KsponSpeech_000522.label
KsponSpeech_000946.wav,KsponSpeech_000946.label
KsponSpeech_000042.wav,KsponSpeech_000042.label
KsponSpeech_000839.wav,KsponSpeech_000839.label
KsponSpeech_000116.wav,KsponSpeech_000116.label
KsponSpeech_000334.wav,KsponSpeech_000334.label
KsponSpeech_000285.wav,KsponSpeech_000285.label
KsponSpeech_000328.wav,KsponSpeech_000328.label
KsponSpeech_000939.wav,KsponSpeech_000939.label
KsponSpeech_000634.wav,KsponSpeech_000634.label
KsponSpeech_000772.wav,KsponSpeech_000772.label
KsponSpeech_000794.wav,KsponSpeech_000794.label
KsponSpeech_000837.wav,KsponSpeech_000837.label
KsponSpeech_000014.wav,KsponSpeech_000014.label
KsponSpeech_000154.wav,KsponSpeech_000154.label
KsponSpeech_000251.wav,KsponSpeech_000251.label
KsponSpeech_000596.wav,KsponSpeech_000596.label
KsponSpeech_000069.wav,KsponSpeech_000069.label
KsponSpeech_000276.wav,KsponSpeech_000276.label
KsponSpeech_000480.wav,KsponSpeech_000480.label
KsponSpeech_000446.wav,KsponSpeech_000446.label
KsponSpeech_000714.wav,KsponSpeech_000714.label
KsponSpeech_000559.wav,KsponSpeech_000559.label
KsponSpeech_000058.wav,KsponSpeech_000058.label
KsponSpeech_000011.wav,KsponSpeech_000011.label
KsponSpeech_000968.wav,KsponSpeech_000968.label
KsponSpeech_000992.wav,KsponSpeech_000992.label
KsponSpeech_000319.wav,KsponSpeech_000319.label
KsponSpeech_000984.wav,KsponSpeech_000984.label
KsponSpeech_000406.wav,KsponSpeech_000406.label
KsponSpeech_000793.wav,KsponSpeech_000793.label
KsponSpeech_000386.wav,KsponSpeech_000386.label
KsponSpeech_000856.wav,KsponSpeech_000856.label
KsponSpeech_000318.wav,KsponSpeech_000318.label
KsponSpeech_000034.wav,KsponSpeech_000034.label
KsponSpeech_000653.wav,KsponSpeech_000653.label
KsponSpeech_000762.wav,KsponSpeech_000762.label
KsponSpeech_000848.wav,KsponSpeech_000848.label
KsponSpeech_000229.wav,KsponSpeech_000229.label
KsponSpeech_000894.wav,KsponSpeech_000894.label
KsponSpeech_000223.wav,KsponSpeech_000223.label
KsponSpeech_000702.wav,KsponSpeech_000702.label
KsponSpeech_000866.wav,KsponSpeech_000866.label
KsponSpeech_000980.wav,KsponSpeech_000980.label
KsponSpeech_000855.wav,KsponSpeech_000855.label
KsponSpeech_000183.wav,KsponSpeech_000183.label
KsponSpeech_000614.wav,KsponSpeech_000614.label
KsponSpeech_000927.wav,KsponSpeech_000927.label
KsponSpeech_000903.wav,KsponSpeech_000903.label
KsponSpeech_000363.wav,KsponSpeech_000363.label
KsponSpeech_000796.wav,KsponSpeech_000796.label
KsponSpeech_000811.wav,KsponSpeech_000811.label
KsponSpeech_000162.wav,KsponSpeech_000162.label
KsponSpeech_000819.wav,KsponSpeech_000819.label
KsponSpeech_000046.wav,KsponSpeech_000046.label
KsponSpeech_000501.wav,KsponSpeech_000501.label
KsponSpeech_000417.wav,KsponSpeech_000417.label
KsponSpeech_000304.wav,KsponSpeech_000304.label
KsponSpeech_000330.wav,KsponSpeech_000330.label
KsponSpeech_000020.wav,KsponSpeech_000020.label
KsponSpeech_000095.wav,KsponSpeech_000095.label
KsponSpeech_000124.wav,KsponSpeech_000124.label
KsponSpeech_000424.wav,KsponSpeech_000424.label
KsponSpeech_000118.wav,KsponSpeech_000118.label
KsponSpeech_000207.wav,KsponSpeech_000207.label
KsponSpeech_000236.wav,KsponSpeech_000236.label
KsponSpeech_000550.wav,KsponSpeech_000550.label
KsponSpeech_000497.wav,KsponSpeech_000497.label
KsponSpeech_000310.wav,KsponSpeech_000310.label
KsponSpeech_000293.wav,KsponSpeech_000293.label
KsponSpeech_000032.wav,KsponSpeech_000032.label
KsponSpeech_000936.wav,KsponSpeech_000936.label
KsponSpeech_000776.wav,KsponSpeech_000776.label
KsponSpeech_000320.wav,KsponSpeech_000320.label
KsponSpeech_000972.wav,KsponSpeech_000972.label
KsponSpeech_000384.wav,KsponSpeech_000384.label
KsponSpeech_000246.wav,KsponSpeech_000246.label
KsponSpeech_000149.wav,KsponSpeech_000149.label
KsponSpeech_000964.wav,KsponSpeech_000964.label
KsponSpeech_000410.wav,KsponSpeech_000410.label
KsponSpeech_000994.wav,KsponSpeech_000994.label
KsponSpeech_000897.wav,KsponSpeech_000897.label
KsponSpeech_000204.wav,KsponSpeech_000204.label
KsponSpeech_000265.wav,KsponSpeech_000265.label
KsponSpeech_000234.wav,KsponSpeech_000234.label
KsponSpeech_000933.wav,KsponSpeech_000933.label
KsponSpeech_000177.wav,KsponSpeech_000177.label
KsponSpeech_000499.wav,KsponSpeech_000499.label
KsponSpeech_000773.wav,KsponSpeech_000773.label
KsponSpeech_000181.wav,KsponSpeech_000181.label
KsponSpeech_000715.wav,KsponSpeech_000715.label
KsponSpeech_000274.wav,KsponSpeech_000274.label
KsponSpeech_000114.wav,KsponSpeech_000114.label
KsponSpeech_000470.wav,KsponSpeech_000470.label
KsponSpeech_000306.wav,KsponSpeech_000306.label
KsponSpeech_000989.wav,KsponSpeech_000989.label
KsponSpeech_000059.wav,KsponSpeech_000059.label
KsponSpeech_000495.wav,KsponSpeech_000495.label
KsponSpeech_000152.wav,KsponSpeech_000152.label
KsponSpeech_000101.wav,KsponSpeech_000101.label
KsponSpeech_000743.wav,KsponSpeech_000743.label
KsponSpeech_000301.wav,KsponSpeech_000301.label
KsponSpeech_000840.wav,KsponSpeech_000840.label
KsponSpeech_000666.wav,KsponSpeech_000666.label
KsponSpeech_000030.wav,KsponSpeech_000030.label
KsponSpeech_000882.wav,KsponSpeech_000882.label
KsponSpeech_000278.wav,KsponSpeech_000278.label
KsponSpeech_000888.wav,KsponSpeech_000888.label
KsponSpeech_000869.wav,KsponSpeech_000869.label
KsponSpeech_000145.wav,KsponSpeech_000145.label
KsponSpeech_000139.wav,KsponSpeech_000139.label
KsponSpeech_000890.wav,KsponSpeech_000890.label
KsponSpeech_000599.wav,KsponSpeech_000599.label
KsponSpeech_000130.wav,KsponSpeech_000130.label
KsponSpeech_000329.wav,KsponSpeech_000329.label
KsponSpeech_000209.wav,KsponSpeech_000209.label
KsponSpeech_000364.wav,KsponSpeech_000364.label
KsponSpeech_000297.wav,KsponSpeech_000297.label
KsponSpeech_000003.wav,KsponSpeech_000003.label
KsponSpeech_000919.wav,KsponSpeech_000919.label
KsponSpeech_000477.wav,KsponSpeech_000477.label
KsponSpeech_000699.wav,KsponSpeech_000699.label
KsponSpeech_000490.wav,KsponSpeech_000490.label
KsponSpeech_000664.wav,KsponSpeech_000664.label
KsponSpeech_000941.wav,KsponSpeech_000941.label
KsponSpeech_000996.wav,KsponSpeech_000996.label
KsponSpeech_000761.wav,KsponSpeech_000761.label
KsponSpeech_000191.wav,KsponSpeech_000191.label
KsponSpeech_000630.wav,KsponSpeech_000630.label
KsponSpeech_000175.wav,KsponSpeech_000175.label
KsponSpeech_000823.wav,KsponSpeech_000823.label
KsponSpeech_000452.wav,KsponSpeech_000452.label
KsponSpeech_000266.wav,KsponSpeech_000266.label
KsponSpeech_000393.wav,KsponSpeech_000393.label
KsponSpeech_000126.wav,KsponSpeech_000126.label
KsponSpeech_000041.wav,KsponSpeech_000041.label
KsponSpeech_000241.wav,KsponSpeech_000241.label
KsponSpeech_000449.wav,KsponSpeech_000449.label
KsponSpeech_000322.wav,KsponSpeech_000322.label
KsponSpeech_000622.wav,KsponSpeech_000622.label
KsponSpeech_000698.wav,KsponSpeech_000698.label
KsponSpeech_000087.wav,KsponSpeech_000087.label
KsponSpeech_000647.wav,KsponSpeech_000647.label
KsponSpeech_000785.wav,KsponSpeech_000785.label
KsponSpeech_000916.wav,KsponSpeech_000916.label
KsponSpeech_000132.wav,KsponSpeech_000132.label
KsponSpeech_000610.wav,KsponSpeech_000610.label
KsponSpeech_000160.wav,KsponSpeech_000160.label
KsponSpeech_000535.wav,KsponSpeech_000535.label
KsponSpeech_000921.wav,KsponSpeech_000921.label
KsponSpeech_000380.wav,KsponSpeech_000380.label
KsponSpeech_000228.wav,KsponSpeech_000228.label
KsponSpeech_000457.wav,KsponSpeech_000457.label
KsponSpeech_000816.wav,KsponSpeech_000816.label
KsponSpeech_000807.wav,KsponSpeech_000807.label
KsponSpeech_000589.wav,KsponSpeech_000589.label
KsponSpeech_000957.wav,KsponSpeech_000957.label
KsponSpeech_000355.wav,KsponSpeech_000355.label
KsponSpeech_000584.wav,KsponSpeech_000584.label
KsponSpeech_000672.wav,KsponSpeech_000672.label
KsponSpeech_000552.wav,KsponSpeech_000552.label
KsponSpeech_000140.wav,KsponSpeech_000140.label
KsponSpeech_000492.wav,KsponSpeech_000492.label
KsponSpeech_000660.wav,KsponSpeech_000660.label
KsponSpeech_000643.wav,KsponSpeech_000643.label
KsponSpeech_000766.wav,KsponSpeech_000766.label
KsponSpeech_000052.wav,KsponSpeech_000052.label
KsponSpeech_000460.wav,KsponSpeech_000460.label
KsponSpeech_000392.wav,KsponSpeech_000392.label
KsponSpeech_000908.wav,KsponSpeech_000908.label
KsponSpeech_000606.wav,KsponSpeech_000606.label
KsponSpeech_000335.wav,KsponSpeech_000335.label
KsponSpeech_000899.wav,KsponSpeech_000899.label
KsponSpeech_000586.wav,KsponSpeech_000586.label
KsponSpeech_000770.wav,KsponSpeech_000770.label
KsponSpeech_000093.wav,KsponSpeech_000093.label
KsponSpeech_000362.wav,KsponSpeech_000362.label
KsponSpeech_000400.wav,KsponSpeech_000400.label
KsponSpeech_000192.wav,KsponSpeech_000192.label
KsponSpeech_000565.wav,KsponSpeech_000565.label
KsponSpeech_000178.wav,KsponSpeech_000178.label
KsponSpeech_000092.wav,KsponSpeech_000092.label
KsponSpeech_000774.wav,KsponSpeech_000774.label
KsponSpeech_000369.wav,KsponSpeech_000369.label
KsponSpeech_000932.wav,KsponSpeech_000932.label
KsponSpeech_000533.wav,KsponSpeech_000533.label
KsponSpeech_000609.wav,KsponSpeech_000609.label
KsponSpeech_000959.wav,KsponSpeech_000959.label
KsponSpeech_000485.wav,KsponSpeech_000485.label
KsponSpeech_000530.wav,KsponSpeech_000530.label
KsponSpeech_000966.wav,KsponSpeech_000966.label
KsponSpeech_000650.wav,KsponSpeech_000650.label
KsponSpeech_000631.wav,KsponSpeech_000631.label
KsponSpeech_000117.wav,KsponSpeech_000117.label
KsponSpeech_000129.wav,KsponSpeech_000129.label
KsponSpeech_000802.wav,KsponSpeech_000802.label
KsponSpeech_000009.wav,KsponSpeech_000009.label
KsponSpeech_000100.wav,KsponSpeech_000100.label
KsponSpeech_000213.wav,KsponSpeech_000213.label
KsponSpeech_000476.wav,KsponSpeech_000476.label
KsponSpeech_000002.wav,KsponSpeech_000002.label
KsponSpeech_000038.wav,KsponSpeech_000038.label
KsponSpeech_000570.wav,KsponSpeech_000570.label
KsponSpeech_000988.wav,KsponSpeech_000988.label
KsponSpeech_000605.wav,KsponSpeech_000605.label
KsponSpeech_000976.wav,KsponSpeech_000976.label
KsponSpeech_000432.wav,KsponSpeech_000432.label
KsponSpeech_000514.wav,KsponSpeech_000514.label
KsponSpeech_000618.wav,KsponSpeech_000618.label
KsponSpeech_000646.wav,KsponSpeech_000646.label
KsponSpeech_000510.wav,KsponSpeech_000510.label
KsponSpeech_000212.wav,KsponSpeech_000212.label
KsponSpeech_000211.wav,KsponSpeech_000211.label
KsponSpeech_000971.wav,KsponSpeech_000971.label
KsponSpeech_000834.wav,KsponSpeech_000834.label
KsponSpeech_000102.wav,KsponSpeech_000102.label
KsponSpeech_000504.wav,KsponSpeech_000504.label
KsponSpeech_000566.wav,KsponSpeech_000566.label
KsponSpeech_000654.wav,KsponSpeech_000654.label
KsponSpeech_000371.wav,KsponSpeech_000371.label
KsponSpeech_000352.wav,KsponSpeech_000352.label
KsponSpeech_000601.wav,KsponSpeech_000601.label
KsponSpeech_000208.wav,KsponSpeech_000208.label
KsponSpeech_000670.wav,KsponSpeech_000670.label
KsponSpeech_000928.wav,KsponSpeech_000928.label
KsponSpeech_000024.wav,KsponSpeech_000024.label
KsponSpeech_000450.wav,KsponSpeech_000450.label
KsponSpeech_000683.wav,KsponSpeech_000683.label
KsponSpeech_000640.wav,KsponSpeech_000640.label
KsponSpeech_000060.wav,KsponSpeech_000060.label
KsponSpeech_000938.wav,KsponSpeech_000938.label
KsponSpeech_000128.wav,KsponSpeech_000128.label
KsponSpeech_000658.wav,KsponSpeech_000658.label
KsponSpeech_000935.wav,KsponSpeech_000935.label
KsponSpeech_000419.wav,KsponSpeech_000419.label
KsponSpeech_000775.wav,KsponSpeech_000775.label
KsponSpeech_000239.wav,KsponSpeech_000239.label
KsponSpeech_000025.wav,KsponSpeech_000025.label
KsponSpeech_000993.wav,KsponSpeech_000993.label
KsponSpeech_000558.wav,KsponSpeech_000558.label
KsponSpeech_000543.wav,KsponSpeech_000543.label
KsponSpeech_000841.wav,KsponSpeech_000841.label
KsponSpeech_000693.wav,KsponSpeech_000693.label
KsponSpeech_000401.wav,KsponSpeech_000401.label
KsponSpeech_000981.wav,KsponSpeech_000981.label
KsponSpeech_000648.wav,KsponSpeech_000648.label
KsponSpeech_000744.wav,KsponSpeech_000744.label
KsponSpeech_000324.wav,KsponSpeech_000324.label
KsponSpeech_000746.wav,KsponSpeech_000746.label
KsponSpeech_000842.wav,KsponSpeech_000842.label
KsponSpeech_000506.wav,KsponSpeech_000506.label
KsponSpeech_000985.wav,KsponSpeech_000985.label
KsponSpeech_000782.wav,KsponSpeech_000782.label
KsponSpeech_000526.wav,KsponSpeech_000526.label
KsponSpeech_000532.wav,KsponSpeech_000532.label
KsponSpeech_000110.wav,KsponSpeech_000110.label
KsponSpeech_000478.wav,KsponSpeech_000478.label
KsponSpeech_000805.wav,KsponSpeech_000805.label
KsponSpeech_000998.wav,KsponSpeech_000998.label
KsponSpeech_000388.wav,KsponSpeech_000388.label
KsponSpeech_000529.wav,KsponSpeech_000529.label
KsponSpeech_000909.wav,KsponSpeech_000909.label
KsponSpeech_000792.wav,KsponSpeech_000792.label
KsponSpeech_000494.wav,KsponSpeech_000494.label
KsponSpeech_000600.wav,KsponSpeech_000600.label
KsponSpeech_000235.wav,KsponSpeech_000235.label
KsponSpeech_000764.wav,KsponSpeech_000764.label
KsponSpeech_000263.wav,KsponSpeech_000263.label
KsponSpeech_000210.wav,KsponSpeech_000210.label
KsponSpeech_000546.wav,KsponSpeech_000546.label
KsponSpeech_000815.wav,KsponSpeech_000815.label
KsponSpeech_000547.wav,KsponSpeech_000547.label
KsponSpeech_000280.wav,KsponSpeech_000280.label
KsponSpeech_000725.wav,KsponSpeech_000725.label
KsponSpeech_000333.wav,KsponSpeech_000333.label
KsponSpeech_000624.wav,KsponSpeech_000624.label
KsponSpeech_000377.wav,KsponSpeech_000377.label
KsponSpeech_000443.wav,KsponSpeech_000443.label
KsponSpeech_000230.wav,KsponSpeech_000230.label
KsponSpeech_000628.wav,KsponSpeech_000628.label
KsponSpeech_000498.wav,KsponSpeech_000498.label
KsponSpeech_000893.wav,KsponSpeech_000893.label
KsponSpeech_000553.wav,KsponSpeech_000553.label
KsponSpeech_000836.wav,KsponSpeech_000836.label
KsponSpeech_000873.wav,KsponSpeech_000873.label
KsponSpeech_000249.wav,KsponSpeech_000249.label
KsponSpeech_000597.wav,KsponSpeech_000597.label
KsponSpeech_000018.wav,KsponSpeech_000018.label
KsponSpeech_000111.wav,KsponSpeech_000111.label
KsponSpeech_000723.wav,KsponSpeech_000723.label
KsponSpeech_000317.wav,KsponSpeech_000317.label
KsponSpeech_000372.wav,KsponSpeech_000372.label
KsponSpeech_000736.wav,KsponSpeech_000736.label
KsponSpeech_000226.wav,KsponSpeech_000226.label
KsponSpeech_000579.wav,KsponSpeech_000579.label
KsponSpeech_000979.wav,KsponSpeech_000979.label
KsponSpeech_000663.wav,KsponSpeech_000663.label
KsponSpeech_000662.wav,KsponSpeech_000662.label
KsponSpeech_000931.wav,KsponSpeech_000931.label
KsponSpeech_000832.wav,KsponSpeech_000832.label
KsponSpeech_000300.wav,KsponSpeech_000300.label
KsponSpeech_000316.wav,KsponSpeech_000316.label
KsponSpeech_000326.wav,KsponSpeech_000326.label
KsponSpeech_000137.wav,KsponSpeech_000137.label
KsponSpeech_000039.wav,KsponSpeech_000039.label
KsponSpeech_000421.wav,KsponSpeech_000421.label
KsponSpeech_000217.wav,KsponSpeech_000217.label
KsponSpeech_000934.wav,KsponSpeech_000934.label
KsponSpeech_000556.wav,KsponSpeech_000556.label
KsponSpeech_000580.wav,KsponSpeech_000580.label
KsponSpeech_000066.wav,KsponSpeech_000066.label
KsponSpeech_000887.wav,KsponSpeech_000887.label
KsponSpeech_000554.wav,KsponSpeech_000554.label
KsponSpeech_000638.wav,KsponSpeech_000638.label
KsponSpeech_000560.wav,KsponSpeech_000560.label
KsponSpeech_000144.wav,KsponSpeech_000144.label
KsponSpeech_000539.wav,KsponSpeech_000539.label
KsponSpeech_000436.wav,KsponSpeech_000436.label
KsponSpeech_000354.wav,KsponSpeech_000354.label
KsponSpeech_000412.wav,KsponSpeech_000412.label
KsponSpeech_000612.wav,KsponSpeech_000612.label
KsponSpeech_000357.wav,KsponSpeech_000357.label
KsponSpeech_000524.wav,KsponSpeech_000524.label
KsponSpeech_000952.wav,KsponSpeech_000952.label
KsponSpeech_000174.wav,KsponSpeech_000174.label
KsponSpeech_000053.wav,KsponSpeech_000053.label
KsponSpeech_000026.wav,KsponSpeech_000026.label
KsponSpeech_000193.wav,KsponSpeech_000193.label
KsponSpeech_000083.wav,KsponSpeech_000083.label
KsponSpeech_000467.wav,KsponSpeech_000467.label
KsponSpeech_000098.wav,KsponSpeech_000098.label
KsponSpeech_000727.wav,KsponSpeech_000727.label
KsponSpeech_000960.wav,KsponSpeech_000960.label
KsponSpeech_000870.wav,KsponSpeech_000870.label
KsponSpeech_000420.wav,KsponSpeech_000420.label
KsponSpeech_000594.wav,KsponSpeech_000594.label
KsponSpeech_000585.wav,KsponSpeech_000585.label
KsponSpeech_000507.wav,KsponSpeech_000507.label
KsponSpeech_000007.wav,KsponSpeech_000007.label
KsponSpeech_000089.wav,KsponSpeech_000089.label
KsponSpeech_000496.wav,KsponSpeech_000496.label
KsponSpeech_000442.wav,KsponSpeech_000442.label
KsponSpeech_000991.wav,KsponSpeech_000991.label
KsponSpeech_000551.wav,KsponSpeech_000551.label
KsponSpeech_000294.wav,KsponSpeech_000294.label
KsponSpeech_000513.wav,KsponSpeech_000513.label
KsponSpeech_000202.wav,KsponSpeech_000202.label
KsponSpeech_000131.wav,KsponSpeech_000131.label
KsponSpeech_000159.wav,KsponSpeech_000159.label
KsponSpeech_000231.wav,KsponSpeech_000231.label
KsponSpeech_000215.wav,KsponSpeech_000215.label
KsponSpeech_000990.wav,KsponSpeech_000990.label
KsponSpeech_000720.wav,KsponSpeech_000720.label
KsponSpeech_000910.wav,KsponSpeech_000910.label
KsponSpeech_000636.wav,KsponSpeech_000636.label
KsponSpeech_000287.wav,KsponSpeech_000287.label
KsponSpeech_000603.wav,KsponSpeech_000603.label
KsponSpeech_000859.wav,KsponSpeech_000859.label
KsponSpeech_000940.wav,KsponSpeech_000940.label
KsponSpeech_000094.wav,KsponSpeech_000094.label
KsponSpeech_000379.wav,KsponSpeech_000379.label
KsponSpeech_000415.wav,KsponSpeech_000415.label
KsponSpeech_000222.wav,KsponSpeech_000222.label
KsponSpeech_000722.wav,KsponSpeech_000722.label
KsponSpeech_000852.wav,KsponSpeech_000852.label
KsponSpeech_000537.wav,KsponSpeech_000537.label
KsponSpeech_000777.wav,KsponSpeech_000777.label
KsponSpeech_000390.wav,KsponSpeech_000390.label
KsponSpeech_000472.wav,KsponSpeech_000472.label
KsponSpeech_000632.wav,KsponSpeech_000632.label
KsponSpeech_000127.wav,KsponSpeech_000127.label
KsponSpeech_000843.wav,KsponSpeech_000843.label
KsponSpeech_000747.wav,KsponSpeech_000747.label
KsponSpeech_000922.wav,KsponSpeech_000922.label
KsponSpeech_000573.wav,KsponSpeech_000573.label
KsponSpeech_000892.wav,KsponSpeech_000892.label
KsponSpeech_000925.wav,KsponSpeech_000925.label
KsponSpeech_000970.wav,KsponSpeech_000970.label
KsponSpeech_000548.wav,KsponSpeech_000548.label
KsponSpeech_000577.wav,KsponSpeech_000577.label
KsponSpeech_000474.wav,KsponSpeech_000474.label
KsponSpeech_000639.wav,KsponSpeech_000639.label
KsponSpeech_000769.wav,KsponSpeech_000769.label
KsponSpeech_000942.wav,KsponSpeech_000942.label
KsponSpeech_000503.wav,KsponSpeech_000503.label
KsponSpeech_000787.wav,KsponSpeech_000787.label
KsponSpeech_000273.wav,KsponSpeech_000273.label
KsponSpeech_000482.wav,KsponSpeech_000482.label
KsponSpeech_000652.wav,KsponSpeech_000652.label
KsponSpeech_000748.wav,KsponSpeech_000748.label
KsponSpeech_000484.wav,KsponSpeech_000484.label
KsponSpeech_000365.wav,KsponSpeech_000365.label
KsponSpeech_000402.wav,KsponSpeech_000402.label
KsponSpeech_000048.wav,KsponSpeech_000048.label
KsponSpeech_000574.wav,KsponSpeech_000574.label
KsponSpeech_000001.wav,KsponSpeech_000001.label
KsponSpeech_000258.wav,KsponSpeech_000258.label
KsponSpeech_000423.wav,KsponSpeech_000423.label
KsponSpeech_000167.wav,KsponSpeech_000167.label
KsponSpeech_000788.wav,KsponSpeech_000788.label
KsponSpeech_000695.wav,KsponSpeech_000695.label
KsponSpeech_000351.wav,KsponSpeech_000351.label
KsponSpeech_000542.wav,KsponSpeech_000542.label
KsponSpeech_000822.wav,KsponSpeech_000822.label
KsponSpeech_000629.wav,KsponSpeech_000629.label
KsponSpeech_000635.wav,KsponSpeech_000635.label
KsponSpeech_000706.wav,KsponSpeech_000706.label
KsponSpeech_000765.wav,KsponSpeech_000765.label
KsponSpeech_000479.wav,KsponSpeech_000479.label
KsponSpeech_000982.wav,KsponSpeech_000982.label
KsponSpeech_000198.wav,KsponSpeech_000198.label
KsponSpeech_000709.wav,KsponSpeech_000709.label
KsponSpeech_000453.wav,KsponSpeech_000453.label
KsponSpeech_000681.wav,KsponSpeech_000681.label
KsponSpeech_000800.wav,KsponSpeech_000800.label
KsponSpeech_000408.wav,KsponSpeech_000408.label
KsponSpeech_000786.wav,KsponSpeech_000786.label
KsponSpeech_000376.wav,KsponSpeech_000376.label
KsponSpeech_000141.wav,KsponSpeech_000141.label
KsponSpeech_000013.wav,KsponSpeech_000013.label
KsponSpeech_000511.wav,KsponSpeech_000511.label
KsponSpeech_000487.wav,KsponSpeech_000487.label
KsponSpeech_000790.wav,KsponSpeech_000790.label
KsponSpeech_000360.wav,KsponSpeech_000360.label
KsponSpeech_000247.wav,KsponSpeech_000247.label
KsponSpeech_000878.wav,KsponSpeech_000878.label
KsponSpeech_000133.wav,KsponSpeech_000133.label
KsponSpeech_000739.wav,KsponSpeech_000739.label
KsponSpeech_000923.wav,KsponSpeech_000923.label
KsponSpeech_000184.wav,KsponSpeech_000184.label
KsponSpeech_000812.wav,KsponSpeech_000812.label
KsponSpeech_000969.wav,KsponSpeech_000969.label
KsponSpeech_000713.wav,KsponSpeech_000713.label
KsponSpeech_000068.wav,KsponSpeech_000068.label
KsponSpeech_000227.wav,KsponSpeech_000227.label
KsponSpeech_000710.wav,KsponSpeech_000710.label
KsponSpeech_000216.wav,KsponSpeech_000216.label
KsponSpeech_000282.wav,KsponSpeech_000282.label
KsponSpeech_000738.wav,KsponSpeech_000738.label
KsponSpeech_000813.wav,KsponSpeech_000813.label
KsponSpeech_000808.wav,KsponSpeech_000808.label
KsponSpeech_000314.wav,KsponSpeech_000314.label
KsponSpeech_000615.wav,KsponSpeech_000615.label
KsponSpeech_000295.wav,KsponSpeech_000295.label
KsponSpeech_000305.wav,KsponSpeech_000305.label
KsponSpeech_000150.wav,KsponSpeech_000150.label
KsponSpeech_000325.wav,KsponSpeech_000325.label
KsponSpeech_000138.wav,KsponSpeech_000138.label
KsponSpeech_000086.wav,KsponSpeech_000086.label
KsponSpeech_000732.wav,KsponSpeech_000732.label
KsponSpeech_000705.wav,KsponSpeech_000705.label
KsponSpeech_000054.wav,KsponSpeech_000054.label
KsponSpeech_000914.wav,KsponSpeech_000914.label
KsponSpeech_000901.wav,KsponSpeech_000901.label
KsponSpeech_000534.wav,KsponSpeech_000534.label
KsponSpeech_000403.wav,KsponSpeech_000403.label
KsponSpeech_000312.wav,KsponSpeech_000312.label
KsponSpeech_000752.wav,KsponSpeech_000752.label
KsponSpeech_000880.wav,KsponSpeech_000880.label
KsponSpeech_000156.wav,KsponSpeech_000156.label
KsponSpeech_000592.wav,KsponSpeech_000592.label
KsponSpeech_000853.wav,KsponSpeech_000853.label
KsponSpeech_000826.wav,KsponSpeech_000826.label
KsponSpeech_000006.wav,KsponSpeech_000006.label
KsponSpeech_000831.wav,KsponSpeech_000831.label
KsponSpeech_000531.wav,KsponSpeech_000531.label
KsponSpeech_000439.wav,KsponSpeech_000439.label
KsponSpeech_000568.wav,KsponSpeech_000568.label
KsponSpeech_000760.wav,KsponSpeech_000760.label
KsponSpeech_000455.wav,KsponSpeech_000455.label
KsponSpeech_000651.wav,KsponSpeech_000651.label
KsponSpeech_000259.wav,KsponSpeech_000259.label
KsponSpeech_000021.wav,KsponSpeech_000021.label
KsponSpeech_000171.wav,KsponSpeech_000171.label
KsponSpeech_000783.wav,KsponSpeech_000783.label
KsponSpeech_000576.wav,KsponSpeech_000576.label
KsponSpeech_000578.wav,KsponSpeech_000578.label
KsponSpeech_000199.wav,KsponSpeech_000199.label
KsponSpeech_000267.wav,KsponSpeech_000267.label
KsponSpeech_000978.wav,KsponSpeech_000978.label
KsponSpeech_000657.wav,KsponSpeech_000657.label
KsponSpeech_000254.wav,KsponSpeech_000254.label
KsponSpeech_000200.wav,KsponSpeech_000200.label
KsponSpeech_000799.wav,KsponSpeech_000799.label
KsponSpeech_000238.wav,KsponSpeech_000238.label
KsponSpeech_000078.wav,KsponSpeech_000078.label
KsponSpeech_000967.wav,KsponSpeech_000967.label
KsponSpeech_000180.wav,KsponSpeech_000180.label
KsponSpeech_000694.wav,KsponSpeech_000694.label
KsponSpeech_000073.wav,KsponSpeech_000073.label
KsponSpeech_000044.wav,KsponSpeech_000044.label
KsponSpeech_000122.wav,KsponSpeech_000122.label
KsponSpeech_000871.wav,KsponSpeech_000871.label
KsponSpeech_000327.wav,KsponSpeech_000327.label
KsponSpeech_000071.wav,KsponSpeech_000071.label
KsponSpeech_000758.wav,KsponSpeech_000758.label
KsponSpeech_000161.wav,KsponSpeech_000161.label
KsponSpeech_000536.wav,KsponSpeech_000536.label
KsponSpeech_000361.wav,KsponSpeech_000361.label
KsponSpeech_000097.wav,KsponSpeech_000097.label
KsponSpeech_000849.wav,KsponSpeech_000849.label
KsponSpeech_000023.wav,KsponSpeech_000023.label
KsponSpeech_000103.wav,KsponSpeech_000103.label
KsponSpeech_000626.wav,KsponSpeech_000626.label
KsponSpeech_000685.wav,KsponSpeech_000685.label
KsponSpeech_000527.wav,KsponSpeech_000527.label
KsponSpeech_000645.wav,KsponSpeech_000645.label
KsponSpeech_000269.wav,KsponSpeech_000269.label
KsponSpeech_000711.wav,KsponSpeech_000711.label
KsponSpeech_000434.wav,KsponSpeech_000434.label
KsponSpeech_000771.wav,KsponSpeech_000771.label
KsponSpeech_000461.wav,KsponSpeech_000461.label
KsponSpeech_000405.wav,KsponSpeech_000405.label
KsponSpeech_000898.wav,KsponSpeech_000898.label
KsponSpeech_000151.wav,KsponSpeech_000151.label
KsponSpeech_000697.wav,KsponSpeech_000697.label
KsponSpeech_000896.wav,KsponSpeech_000896.label
KsponSpeech_000106.wav,KsponSpeech_000106.label
KsponSpeech_000404.wav,KsponSpeech_000404.label
KsponSpeech_000768.wav,KsponSpeech_000768.label
KsponSpeech_000954.wav,KsponSpeech_000954.label
KsponSpeech_000337.wav,KsponSpeech_000337.label
KsponSpeech_000757.wav,KsponSpeech_000757.label
KsponSpeech_000926.wav,KsponSpeech_000926.label
KsponSpeech_000188.wav,KsponSpeech_000188.label
KsponSpeech_000220.wav,KsponSpeech_000220.label
KsponSpeech_000065.wav,KsponSpeech_000065.label
KsponSpeech_000703.wav,KsponSpeech_000703.label
KsponSpeech_000394.wav,KsponSpeech_000394.label
KsponSpeech_000759.wav,KsponSpeech_000759.label
KsponSpeech_000244.wav,KsponSpeech_000244.label
KsponSpeech_000466.wav,KsponSpeech_000466.label
KsponSpeech_000146.wav,KsponSpeech_000146.label
KsponSpeech_000179.wav,KsponSpeech_000179.label
KsponSpeech_000459.wav,KsponSpeech_000459.label
KsponSpeech_000637.wav,KsponSpeech_000637.label
KsponSpeech_000321.wav,KsponSpeech_000321.label
KsponSpeech_000383.wav,KsponSpeech_000383.label
KsponSpeech_000845.wav,KsponSpeech_000845.label
KsponSpeech_000464.wav,KsponSpeech_000464.label
KsponSpeech_000029.wav,KsponSpeech_000029.label
KsponSpeech_001000.wav,KsponSpeech_001000.label
KsponSpeech_000642.wav,KsponSpeech_000642.label
KsponSpeech_000243.wav,KsponSpeech_000243.label
KsponSpeech_000121.wav,KsponSpeech_000121.label
KsponSpeech_000675.wav,KsponSpeech_000675.label
KsponSpeech_000502.wav,KsponSpeech_000502.label
KsponSpeech_000930.wav,KsponSpeech_000930.label
KsponSpeech_000593.wav,KsponSpeech_000593.label
KsponSpeech_000716.wav,KsponSpeech_000716.label
KsponSpeech_000754.wav,KsponSpeech_000754.label
KsponSpeech_000804.wav,KsponSpeech_000804.label
KsponSpeech_000346.wav,KsponSpeech_000346.label
KsponSpeech_000810.wav,KsponSpeech_000810.label
KsponSpeech_000283.wav,KsponSpeech_000283.label
KsponSpeech_000724.wav,KsponSpeech_000724.label
KsponSpeech_000973.wav,KsponSpeech_000973.label
KsponSpeech_000356.wav,KsponSpeech_000356.label
KsponSpeech_000260.wav,KsponSpeech_000260.label
KsponSpeech_000667.wav,KsponSpeech_000667.label
KsponSpeech_000430.wav,KsponSpeech_000430.label
KsponSpeech_000284.wav,KsponSpeech_000284.label
KsponSpeech_000272.wav,KsponSpeech_000272.label
KsponSpeech_000975.wav,KsponSpeech_000975.label
KsponSpeech_000838.wav,KsponSpeech_000838.label
KsponSpeech_000906.wav,KsponSpeech_000906.label
KsponSpeech_000037.wav,KsponSpeech_000037.label
KsponSpeech_000168.wav,KsponSpeech_000168.label
KsponSpeech_000538.wav,KsponSpeech_000538.label
KsponSpeech_000929.wav,KsponSpeech_000929.label
KsponSpeech_000109.wav,KsponSpeech_000109.label
KsponSpeech_000148.wav,KsponSpeech_000148.label
KsponSpeech_000153.wav,KsponSpeech_000153.label
KsponSpeech_000562.wav,KsponSpeech_000562.label
KsponSpeech_000451.wav,KsponSpeech_000451.label
KsponSpeech_000486.wav,KsponSpeech_000486.label
KsponSpeech_000881.wav,KsponSpeech_000881.label
KsponSpeech_000745.wav,KsponSpeech_000745.label
KsponSpeech_000398.wav,KsponSpeech_000398.label
KsponSpeech_000623.wav,KsponSpeech_000623.label
KsponSpeech_000505.wav,KsponSpeech_000505.label
KsponSpeech_000591.wav,KsponSpeech_000591.label
KsponSpeech_000428.wav,KsponSpeech_000428.label
KsponSpeech_000688.wav,KsponSpeech_000688.label
KsponSpeech_000108.wav,KsponSpeech_000108.label
KsponSpeech_000731.wav,KsponSpeech_000731.label
KsponSpeech_000017.wav,KsponSpeech_000017.label
KsponSpeech_000061.wav,KsponSpeech_000061.label
KsponSpeech_000344.wav,KsponSpeech_000344.label
KsponSpeech_000649.wav,KsponSpeech_000649.label
KsponSpeech_000429.wav,KsponSpeech_000429.label
KsponSpeech_000864.wav,KsponSpeech_000864.label
KsponSpeech_000619.wav,KsponSpeech_000619.label
KsponSpeech_000481.wav,KsponSpeech_000481.label
KsponSpeech_000232.wav,KsponSpeech_000232.label
KsponSpeech_000949.wav,KsponSpeech_000949.label
KsponSpeech_000809.wav,KsponSpeech_000809.label
KsponSpeech_000370.wav,KsponSpeech_000370.label
KsponSpeech_000456.wav,KsponSpeech_000456.label
KsponSpeech_000937.wav,KsponSpeech_000937.label
KsponSpeech_000945.wav,KsponSpeech_000945.label
KsponSpeech_000286.wav,KsponSpeech_000286.label
KsponSpeech_000655.wav,KsponSpeech_000655.label
KsponSpeech_000641.wav,KsponSpeech_000641.label
KsponSpeech_000519.wav,KsponSpeech_000519.label
KsponSpeech_000820.wav,KsponSpeech_000820.label
KsponSpeech_000373.wav,KsponSpeech_000373.label
KsponSpeech_000074.wav,KsponSpeech_000074.label
KsponSpeech_000119.wav,KsponSpeech_000119.label
KsponSpeech_000521.wav,KsponSpeech_000521.label
KsponSpeech_000040.wav,KsponSpeech_000040.label
KsponSpeech_000850.wav,KsponSpeech_000850.label
KsponSpeech_000435.wav,KsponSpeech_000435.label
KsponSpeech_000684.wav,KsponSpeech_000684.label
KsponSpeech_000206.wav,KsponSpeech_000206.label
KsponSpeech_000625.wav,KsponSpeech_000625.label
KsponSpeech_000185.wav,KsponSpeech_000185.label
KsponSpeech_000704.wav,KsponSpeech_000704.label
KsponSpeech_000113.wav,KsponSpeech_000113.label
KsponSpeech_000668.wav,KsponSpeech_000668.label
KsponSpeech_000874.wav,KsponSpeech_000874.label
KsponSpeech_000879.wav,KsponSpeech_000879.label
KsponSpeech_000611.wav,KsponSpeech_000611.label
KsponSpeech_000569.wav,KsponSpeech_000569.label
KsponSpeech_000963.wav,KsponSpeech_000963.label
KsponSpeech_000974.wav,KsponSpeech_000974.label
KsponSpeech_000264.wav,KsponSpeech_000264.label
KsponSpeech_000860.wav,KsponSpeech_000860.label
KsponSpeech_000010.wav,KsponSpeech_000010.label
KsponSpeech_000571.wav,KsponSpeech_000571.label
KsponSpeech_000091.wav,KsponSpeech_000091.label
KsponSpeech_000795.wav,KsponSpeech_000795.label
KsponSpeech_000671.wav,KsponSpeech_000671.label
KsponSpeech_000366.wav,KsponSpeech_000366.label
KsponSpeech_000471.wav,KsponSpeech_000471.label
KsponSpeech_000583.wav,KsponSpeech_000583.label
KsponSpeech_000563.wav,KsponSpeech_000563.label
KsponSpeech_000444.wav,KsponSpeech_000444.label
KsponSpeech_000115.wav,KsponSpeech_000115.label
KsponSpeech_000358.wav,KsponSpeech_000358.label
KsponSpeech_000142.wav,KsponSpeech_000142.label
KsponSpeech_000886.wav,KsponSpeech_000886.label
KsponSpeech_000158.wav,KsponSpeech_000158.label
KsponSpeech_000214.wav,KsponSpeech_000214.label
KsponSpeech_000233.wav,KsponSpeech_000233.label
KsponSpeech_000385.wav,KsponSpeech_000385.label
KsponSpeech_000824.wav,KsponSpeech_000824.label
KsponSpeech_000902.wav,KsponSpeech_000902.label
KsponSpeech_000270.wav,KsponSpeech_000270.label
KsponSpeech_000441.wav,KsponSpeech_000441.label
KsponSpeech_000627.wav,KsponSpeech_000627.label
KsponSpeech_000784.wav,KsponSpeech_000784.label
KsponSpeech_000851.wav,KsponSpeech_000851.label
KsponSpeech_000096.wav,KsponSpeech_000096.label
KsponSpeech_000367.wav,KsponSpeech_000367.label
KsponSpeech_000395.wav,KsponSpeech_000395.label
KsponSpeech_000077.wav,KsponSpeech_000077.label
KsponSpeech_000753.wav,KsponSpeech_000753.label
KsponSpeech_000279.wav,KsponSpeech_000279.label
KsponSpeech_000917.wav,KsponSpeech_000917.label
KsponSpeech_000733.wav,KsponSpeech_000733.label
KsponSpeech_000323.wav,KsponSpeech_000323.label
KsponSpeech_000817.wav,KsponSpeech_000817.label
KsponSpeech_000895.wav,KsponSpeech_000895.label
KsponSpeech_000081.wav,KsponSpeech_000081.label
KsponSpeech_000396.wav,KsponSpeech_000396.label
KsponSpeech_000674.wav,KsponSpeech_000674.label
KsponSpeech_000877.wav,KsponSpeech_000877.label
KsponSpeech_000303.wav,KsponSpeech_000303.label
KsponSpeech_000677.wav,KsponSpeech_000677.label
KsponSpeech_000082.wav,KsponSpeech_000082.label
KsponSpeech_000540.wav,KsponSpeech_000540.label
KsponSpeech_000735.wav,KsponSpeech_000735.label
KsponSpeech_000911.wav,KsponSpeech_000911.label
KsponSpeech_000290.wav,KsponSpeech_000290.label
KsponSpeech_000201.wav,KsponSpeech_000201.label
KsponSpeech_000307.wav,KsponSpeech_000307.label
KsponSpeech_000712.wav,KsponSpeech_000712.label
KsponSpeech_000195.wav,KsponSpeech_000195.label
KsponSpeech_000987.wav,KsponSpeech_000987.label
KsponSpeech_000801.wav,KsponSpeech_000801.label
KsponSpeech_000197.wav,KsponSpeech_000197.label
KsponSpeech_000035.wav,KsponSpeech_000035.label
KsponSpeech_000575.wav,KsponSpeech_000575.label
KsponSpeech_000187.wav,KsponSpeech_000187.label
KsponSpeech_000411.wav,KsponSpeech_000411.label
KsponSpeech_000389.wav,KsponSpeech_000389.label
KsponSpeech_000164.wav,KsponSpeech_000164.label
KsponSpeech_000863.wav,KsponSpeech_000863.label
KsponSpeech_000353.wav,KsponSpeech_000353.label
KsponSpeech_000387.wav,KsponSpeech_000387.label
KsponSpeech_000791.wav,KsponSpeech_000791.label
KsponSpeech_000339.wav,KsponSpeech_000339.label
KsponSpeech_000756.wav,KsponSpeech_000756.label
KsponSpeech_000190.wav,KsponSpeech_000190.label
KsponSpeech_000867.wav,KsponSpeech_000867.label
KsponSpeech_000582.wav,KsponSpeech_000582.label
KsponSpeech_000883.wav,KsponSpeech_000883.label
KsponSpeech_000955.wav,KsponSpeech_000955.label
KsponSpeech_000407.wav,KsponSpeech_000407.label
KsponSpeech_000595.wav,KsponSpeech_000595.label
KsponSpeech_000734.wav,KsponSpeech_000734.label
KsponSpeech_000844.wav,KsponSpeech_000844.label
KsponSpeech_000242.wav,KsponSpeech_000242.label
KsponSpeech_000056.wav,KsponSpeech_000056.label
KsponSpeech_000033.wav,KsponSpeech_000033.label
KsponSpeech_000157.wav,KsponSpeech_000157.label
KsponSpeech_000257.wav,KsponSpeech_000257.label
KsponSpeech_000516.wav,KsponSpeech_000516.label
KsponSpeech_000163.wav,KsponSpeech_000163.label
KsponSpeech_000721.wav,KsponSpeech_000721.label
KsponSpeech_000561.wav,KsponSpeech_000561.label
KsponSpeech_000616.wav,KsponSpeech_000616.label
KsponSpeech_000165.wav,KsponSpeech_000165.label
KsponSpeech_000587.wav,KsponSpeech_000587.label
KsponSpeech_000590.wav,KsponSpeech_000590.label
KsponSpeech_000085.wav,KsponSpeech_000085.label
KsponSpeech_000224.wav,KsponSpeech_000224.label
KsponSpeech_000846.wav,KsponSpeech_000846.label
KsponSpeech_000608.wav,KsponSpeech_000608.label
KsponSpeech_000680.wav,KsponSpeech_000680.label
KsponSpeech_000821.wav,KsponSpeech_000821.label
KsponSpeech_000047.wav,KsponSpeech_000047.label
KsponSpeech_000719.wav,KsponSpeech_000719.label
KsponSpeech_000422.wav,KsponSpeech_000422.label
KsponSpeech_000225.wav,KsponSpeech_000225.label
KsponSpeech_000057.wav,KsponSpeech_000057.label
KsponSpeech_000907.wav,KsponSpeech_000907.label
KsponSpeech_000418.wav,KsponSpeech_000418.label
KsponSpeech_000245.wav,KsponSpeech_000245.label
KsponSpeech_000298.wav,KsponSpeech_000298.label
KsponSpeech_000381.wav,KsponSpeech_000381.label
KsponSpeech_000031.wav,KsponSpeech_000031.label
KsponSpeech_000414.wav,KsponSpeech_000414.label
KsponSpeech_000689.wav,KsponSpeech_000689.label
KsponSpeech_000750.wav,KsponSpeech_000750.label
KsponSpeech_000004.wav,KsponSpeech_000004.label
KsponSpeech_000686.wav,KsponSpeech_000686.label
KsponSpeech_000075.wav,KsponSpeech_000075.label
KsponSpeech_000080.wav,KsponSpeech_000080.label
KsponSpeech_000336.wav,KsponSpeech_000336.label
KsponSpeech_000806.wav,KsponSpeech_000806.label
KsponSpeech_000155.wav,KsponSpeech_000155.label
KsponSpeech_000943.wav,KsponSpeech_000943.label
KsponSpeech_000659.wav,KsponSpeech_000659.label
KsponSpeech_000186.wav,KsponSpeech_000186.label
KsponSpeech_000262.wav,KsponSpeech_000262.label
KsponSpeech_000707.wav,KsponSpeech_000707.label
KsponSpeech_000780.wav,KsponSpeech_000780.label
KsponSpeech_000313.wav,KsponSpeech_000313.label
KsponSpeech_000956.wav,KsponSpeech_000956.label
KsponSpeech_000549.wav,KsponSpeech_000549.label
KsponSpeech_000288.wav,KsponSpeech_000288.label
KsponSpeech_000218.wav,KsponSpeech_000218.label
KsponSpeech_000447.wav,KsponSpeech_000447.label
KsponSpeech_000248.wav,KsponSpeech_000248.label
KsponSpeech_000465.wav,KsponSpeech_000465.label
KsponSpeech_000515.wav,KsponSpeech_000515.label
KsponSpeech_000088.wav,KsponSpeech_000088.label
KsponSpeech_000049.wav,KsponSpeech_000049.label
KsponSpeech_000331.wav,KsponSpeech_000331.label
KsponSpeech_000797.wav,KsponSpeech_000797.label
KsponSpeech_000508.wav,KsponSpeech_000508.label
KsponSpeech_000256.wav,KsponSpeech_000256.label
KsponSpeech_000872.wav,KsponSpeech_000872.label
KsponSpeech_000475.wav,KsponSpeech_000475.label
KsponSpeech_000904.wav,KsponSpeech_000904.label
KsponSpeech_000676.wav,KsponSpeech_000676.label
KsponSpeech_000965.wav,KsponSpeech_000965.label
KsponSpeech_000062.wav,KsponSpeech_000062.label
KsponSpeech_000621.wav,KsponSpeech_000621.label
KsponSpeech_000063.wav,KsponSpeech_000063.label
KsponSpeech_000281.wav,KsponSpeech_000281.label
KsponSpeech_000854.wav,KsponSpeech_000854.label
KsponSpeech_000027.wav,KsponSpeech_000027.label
KsponSpeech_000581.wav,KsponSpeech_000581.label
KsponSpeech_000338.wav,KsponSpeech_000338.label
KsponSpeech_000885.wav,KsponSpeech_000885.label
KsponSpeech_000818.wav,KsponSpeech_000818.label
KsponSpeech_000779.wav,KsponSpeech_000779.label
KsponSpeech_000541.wav,KsponSpeech_000541.label
KsponSpeech_000833.wav,KsponSpeech_000833.label
KsponSpeech_000391.wav,KsponSpeech_000391.label
KsponSpeech_000862.wav,KsponSpeech_000862.label
KsponSpeech_000347.wav,KsponSpeech_000347.label
KsponSpeech_000858.wav,KsponSpeech_000858.label
KsponSpeech_000315.wav,KsponSpeech_000315.label
KsponSpeech_000112.wav,KsponSpeech_000112.label
KsponSpeech_000948.wav,KsponSpeech_000948.label
KsponSpeech_000079.wav,KsponSpeech_000079.label
KsponSpeech_000189.wav,KsponSpeech_000189.label
KsponSpeech_000740.wav,KsponSpeech_000740.label
KsponSpeech_000602.wav,KsponSpeech_000602.label
KsponSpeech_000665.wav,KsponSpeech_000665.label
KsponSpeech_000076.wav,KsponSpeech_000076.label
KsponSpeech_000134.wav,KsponSpeech_000134.label
KsponSpeech_000070.wav,KsponSpeech_000070.label
KsponSpeech_000830.wav,KsponSpeech_000830.label
KsponSpeech_000961.wav,KsponSpeech_000961.label
KsponSpeech_000064.wav,KsponSpeech_000064.label
KsponSpeech_000924.wav,KsponSpeech_000924.label
KsponSpeech_000572.wav,KsponSpeech_000572.label
KsponSpeech_000120.wav,KsponSpeech_000120.label
KsponSpeech_000067.wav,KsponSpeech_000067.label
KsponSpeech_000268.wav,KsponSpeech_000268.label
KsponSpeech_000205.wav,KsponSpeech_000205.label
KsponSpeech_000947.wav,KsponSpeech_000947.label
KsponSpeech_000104.wav,KsponSpeech_000104.label
KsponSpeech_000661.wav,KsponSpeech_000661.label
KsponSpeech_000509.wav,KsponSpeech_000509.label
KsponSpeech_000763.wav,KsponSpeech_000763.label
KsponSpeech_000375.wav,KsponSpeech_000375.label
KsponSpeech_000237.wav,KsponSpeech_000237.label
KsponSpeech_000678.wav,KsponSpeech_000678.label
KsponSpeech_000302.wav,KsponSpeech_000302.label
KsponSpeech_000374.wav,KsponSpeech_000374.label
KsponSpeech_000512.wav,KsponSpeech_000512.label
KsponSpeech_000136.wav,KsponSpeech_000136.label
KsponSpeech_000050.wav,KsponSpeech_000050.label
KsponSpeech_000915.wav,KsponSpeech_000915.label
KsponSpeech_000691.wav,KsponSpeech_000691.label
KsponSpeech_000172.wav,KsponSpeech_000172.label
KsponSpeech_000125.wav,KsponSpeech_000125.label
KsponSpeech_000876.wav,KsponSpeech_000876.label
KsponSpeech_000742.wav,KsponSpeech_000742.label
KsponSpeech_000958.wav,KsponSpeech_000958.label
KsponSpeech_000289.wav,KsponSpeech_000289.label
KsponSpeech_000221.wav,KsponSpeech_000221.label
KsponSpeech_000827.wav,KsponSpeech_000827.label
KsponSpeech_000717.wav,KsponSpeech_000717.label
KsponSpeech_000051.wav,KsponSpeech_000051.label
KsponSpeech_000342.wav,KsponSpeech_000342.label
KsponSpeech_000426.wav,KsponSpeech_000426.label
KsponSpeech_000090.wav,KsponSpeech_000090.label
KsponSpeech_000567.wav,KsponSpeech_000567.label
KsponSpeech_000084.wav,KsponSpeech_000084.label
KsponSpeech_000349.wav,KsponSpeech_000349.label
KsponSpeech_000708.wav,KsponSpeech_000708.label
KsponSpeech_000701.wav,KsponSpeech_000701.label
KsponSpeech_000861.wav,KsponSpeech_000861.label
KsponSpeech_000299.wav,KsponSpeech_000299.label
KsponSpeech_000203.wav,KsponSpeech_000203.label
KsponSpeech_000835.wav,KsponSpeech_000835.label
KsponSpeech_000656.wav,KsponSpeech_000656.label
KsponSpeech_000525.wav,KsponSpeech_000525.label
KsponSpeech_000912.wav,KsponSpeech_000912.label
KsponSpeech_000951.wav,KsponSpeech_000951.label
KsponSpeech_000036.wav,KsponSpeech_000036.label
KsponSpeech_000469.wav,KsponSpeech_000469.label
KsponSpeech_000399.wav,KsponSpeech_000399.label
KsponSpeech_000669.wav,KsponSpeech_000669.label
KsponSpeech_000604.wav,KsponSpeech_000604.label
KsponSpeech_000875.wav,KsponSpeech_000875.label
KsponSpeech_000789.wav,KsponSpeech_000789.label
KsponSpeech_000397.wav,KsponSpeech_000397.label
KsponSpeech_000767.wav,KsponSpeech_000767.label
KsponSpeech_000170.wav,KsponSpeech_000170.label
KsponSpeech_000644.wav,KsponSpeech_000644.label
KsponSpeech_000147.wav,KsponSpeech_000147.label
KsponSpeech_000489.wav,KsponSpeech_000489.label
KsponSpeech_000012.wav,KsponSpeech_000012.label
KsponSpeech_000252.wav,KsponSpeech_000252.label
KsponSpeech_000416.wav,KsponSpeech_000416.label
KsponSpeech_000755.wav,KsponSpeech_000755.label
KsponSpeech_000751.wav,KsponSpeech_000751.label
KsponSpeech_000700.wav,KsponSpeech_000700.label
KsponSpeech_000219.wav,KsponSpeech_000219.label
KsponSpeech_000008.wav,KsponSpeech_000008.label
KsponSpeech_000778.wav,KsponSpeech_000778.label
KsponSpeech_000341.wav,KsponSpeech_000341.label
KsponSpeech_000445.wav,KsponSpeech_000445.label
KsponSpeech_000679.wav,KsponSpeech_000679.label
KsponSpeech_000607.wav,KsponSpeech_000607.label
KsponSpeech_000620.wav,KsponSpeech_000620.label
KsponSpeech_000588.wav,KsponSpeech_000588.label
KsponSpeech_000828.wav,KsponSpeech_000828.label
KsponSpeech_000617.wav,KsponSpeech_000617.label
KsponSpeech_000857.wav,KsponSpeech_000857.label
KsponSpeech_000473.wav,KsponSpeech_000473.label
KsponSpeech_000072.wav,KsponSpeech_000072.label
KsponSpeech_000803.wav,KsponSpeech_000803.label
KsponSpeech_000781.wav,KsponSpeech_000781.label
KsponSpeech_000977.wav,KsponSpeech_000977.label
KsponSpeech_000889.wav,KsponSpeech_000889.label
KsponSpeech_000196.wav,KsponSpeech_000196.label
KsponSpeech_000718.wav,KsponSpeech_000718.label
KsponSpeech_000865.wav,KsponSpeech_000865.label
KsponSpeech_000143.wav,KsponSpeech_000143.label
KsponSpeech_000005.wav,KsponSpeech_000005.label
KsponSpeech_000099.wav,KsponSpeech_000099.label
KsponSpeech_000463.wav,KsponSpeech_000463.label
KsponSpeech_000633.wav,KsponSpeech_000633.label
KsponSpeech_000309.wav,KsponSpeech_000309.label
KsponSpeech_000544.wav,KsponSpeech_000544.label
KsponSpeech_000673.wav,KsponSpeech_000673.label
KsponSpeech_000995.wav,KsponSpeech_000995.label
KsponSpeech_000483.wav,KsponSpeech_000483.label
KsponSpeech_000517.wav,KsponSpeech_000517.label
KsponSpeech_000296.wav,KsponSpeech_000296.label
KsponSpeech_000730.wav,KsponSpeech_000730.label
KsponSpeech_000687.wav,KsponSpeech_000687.label
KsponSpeech_000433.wav,KsponSpeech_000433.label
KsponSpeech_000868.wav,KsponSpeech_000868.label
KsponSpeech_000055.wav,KsponSpeech_000055.label
KsponSpeech_000427.wav,KsponSpeech_000427.label
KsponSpeech_000682.wav,KsponSpeech_000682.label
KsponSpeech_000598.wav,KsponSpeech_000598.label
KsponSpeech_000557.wav,KsponSpeech_000557.label
KsponSpeech_000368.wav,KsponSpeech_000368.label
KsponSpeech_000255.wav,KsponSpeech_000255.label
KsponSpeech_000944.wav,KsponSpeech_000944.label
KsponSpeech_000182.wav,KsponSpeech_000182.label
KsponSpeech_000737.wav,KsponSpeech_000737.label
KsponSpeech_000343.wav,KsponSpeech_000343.label
KsponSpeech_000448.wav,KsponSpeech_000448.label
KsponSpeech_000891.wav,KsponSpeech_000891.label
KsponSpeech_000169.wav,KsponSpeech_000169.label
KsponSpeech_000518.wav,KsponSpeech_000518.label
KsponSpeech_000523.wav,KsponSpeech_000523.label
KsponSpeech_000345.wav,KsponSpeech_000345.label
KsponSpeech_000798.wav,KsponSpeech_000798.label
KsponSpeech_000814.wav,KsponSpeech_000814.label
KsponSpeech_000913.wav,KsponSpeech_000913.label
KsponSpeech_000261.wav,KsponSpeech_000261.label
KsponSpeech_000829.wav,KsponSpeech_000829.label
KsponSpeech_000250.wav,KsponSpeech_000250.label
KsponSpeech_000918.wav,KsponSpeech_000918.label
