[
  { "files": [  { "sample_rate": 16000.0, "encoding": "Signed Integer PCM", "fname": "train_data/Libri84-121123-0000.wav", "silent": false, "channels": 1, "num_samples": 33440, "bitrate": 16, "speed": 1, "duration": 2.09 } ], "original_duration": 2.09, "transcript": "go do you hear", "original_num_samples": 33440 },
  {
    "files": [
      {
        "sample_rate": 16000.0,
        "encoding": "Signed Integer PCM",
        "fname": "train_data/Libri84-121123-0001.wav",
        "silent": false,
        "channels": 1,
        "num_samples": 63840,
        "bitrate": 16,
        "speed": 1,
        "duration": 3.99
      }
    ],
    "original_duration": 3.99,
    "transcript": "but in less than five minutes the staircase groaned beneath an extraordinary weight",
    "original_num_samples": 63840
  },
  {
    "files": [
      {
        "sample_rate": 16000.0,
        "encoding": "Signed Integer PCM",
        "fname": "train_data/Libri84-121123-0002.wav",
        "silent": false,
        "channels": 1,
        "num_samples": 219040,
        "bitrate": 16,
        "speed": 1,
        "duration": 13.69
      }
    ],
    "original_duration": 13.69,
    "transcript": "at this moment the whole soul of the old man seemed centred in his eyes which became bloodshot the veins of the throat swelled his cheeks and temples became purple as though he was struck with epilepsy nothing was wanting to complete this but the utterance of a cry",
    "original_num_samples": 219040
  },
  {
    "files": [
      {
        "sample_rate": 16000.0,
        "encoding": "Signed Integer PCM",
        "fname": "train_data/Libri84-121123-0003.wav",
        "silent": false,
        "channels": 1,
        "num_samples": 108800,
        "bitrate": 16,
        "speed": 1,
        "duration": 6.8
      }
    ],
    "original_duration": 6.8,
    "transcript": "and the cry issued from his pores if we may thus speak a cry frightful in its silence",
    "original_num_samples": 108800
  },
  {
    "files": [
      {
        "sample_rate": 16000.0,
        "encoding": "Signed Integer PCM",
        "fname": "train_data/Libri84-121123-0004.wav",
        "silent": false,
        "channels": 1,
        "num_samples": 70400,
        "bitrate": 16,
        "speed": 1,
        "duration": 4.4
      }
    ],
    "original_duration": 4.4,
    "transcript": "d'avrigny rushed towards the old man and made him inhale a powerful restorative",
    "original_num_samples": 70400
  },
  {
    "files": [
      {
        "sample_rate": 16000.0,
        "encoding": "Signed Integer PCM",
        "fname": "train_data/KsponSpeech_000001.wav",
        "silent": false,
        "channels": 1,
        "num_samples": 105440,
        "bitrate": 16,
        "speed": 1,
        "duration": 3.148
      }
    ],
    "original_duration": 3.148,
    "transcript": "아 몬 소리야 그건 또",
    "original_num_samples": 105440
  },
  {
    "files": [
      {
        "sample_rate": 16000.0,
        "encoding": "Signed Integer PCM",
        "fname": "train_data/KsponSpeech_000002.wav",
        "silent": false,
        "channels": 1,
        "num_samples": 114320,
        "bitrate": 16,
        "speed": 1,
        "duration": 10.59
      }
    ],
    "original_duration": 10.59,
    "transcript": "나는 악습은 원래 없어진다 없어져야 된다고 생각하긴 했는데 근데 그 약간 필요악으로 하나 정도쯤은 있어야 되거든 물 뜨러 가고",
    "original_num_samples": 114320
  },
  {
    "files": [
      {
        "sample_rate": 16000.0,
        "encoding": "Signed Integer PCM",
        "fname": "train_data/KsponSpeech_000003.wav",
        "silent": false,
        "channels": 1,
        "num_samples": 77360,
        "bitrate": 16,
        "speed": 1,
        "duration": 12.32
      }
    ],
    "original_duration": 12.32,
    "transcript": " 그래서 지호랑 계단 올라와서 막 위에 운동하는 기구 있대요 그서 그걸로 운동 할려구요 ",
    "original_num_samples": 77360
  },
  {
    "files": [
      {
        "sample_rate": 16000.0,
        "encoding": "Signed Integer PCM",
        "fname": "train_data/KsponSpeech_000004.wav",
        "silent": false,
        "channels": 1,
        "num_samples": 45440,
        "bitrate": 16,
        "speed": 1,
        "duration": 9.126
      }
    ],
    "original_duration": 9.126,
    "transcript": "뭐 정신과 병원도 그 약 타서 먹어보고 그 한동안 연락이 안 된 적이 있었단 말이야 그때가 언제였 언제였더라",
    "original_num_samples": 45440
  },
  {
    "files": [
      {
        "sample_rate": 16000.0,
        "encoding": "Signed Integer PCM",
        "fname": "train_data/KsponSpeech_000005.wav",
        "silent": false,
        "channels": 1,
        "num_samples": 31280,
        "bitrate": 16,
        "speed": 1,
        "duration": 5.73
      }
    ],
    "original_duration": 5.73,
    "transcript": " 그게 영점일프로 가정의 아이들과 가정의 모습이야 ",
    "original_num_samples": 31280
  },
  {
    "files": [
      {
        "sample_rate": 16000.0,
        "encoding": "Signed Integer PCM",
        "fname": "train_data/KsponSpeech_000006.wav",
        "silent": false,
        "channels": 1,
        "num_samples": 89600,
        "bitrate": 16,
        "speed": 1,
        "duration": 3.862
      }
    ],
    "original_duration": 3.862,
    "transcript": "그 친애하는 판사님께라는 법 법 관련 드라마 알고 있어",
    "original_num_samples": 89600
  },
  {
    "files": [
      {
        "sample_rate": 16000.0,
        "encoding": "Signed Integer PCM",
        "fname": "train_data/KsponSpeech_000007.wav",
        "silent": false,
        "channels": 1,
        "num_samples": 79520,
        "bitrate": 16,
        "speed": 1,
        "duration": 12.95
      }
    ],
    "original_duration": 12.95,
    "transcript": " 그래가지고 진짜 차 사야겠다 아니 뭐 차 안 되면 스쿠터라도 타야되겠다 막 그런 생각 들더라구 그래서 운전은 하는 게 좋은 거 같애 진짜 ",
    "original_num_samples": 79520
  },
  {
    "files": [
      {
        "sample_rate": 16000.0,
        "encoding": "Signed Integer PCM",
        "fname": "train_data/KsponSpeech_000009.wav",
        "silent": false,
        "channels": 1,
        "num_samples": 86000,
        "bitrate": 16,
        "speed": 1,
        "duration": 6.33
      }
    ],
    "original_duration": 6.33,
    "transcript": " 나도 몰라 나 그 쓰리쥐 하나도 안 봤음 어",
    "original_num_samples": 86000
  },
  {
    "files": [
      {
        "sample_rate": 16000.0,
        "encoding": "Signed Integer PCM",
        "fname": "train_data/KsponSpeech_000010.wav",
        "silent": false,
        "channels": 1,
        "num_samples": 111040,
        "bitrate": 16,
        "speed": 1,
        "duration": 3.59
      }
    ],
    "original_duration": 3.59,
    "transcript": "아 내일 나 알바하구나",
    "original_num_samples": 111040
  },
  {
    "files": [
      {
        "sample_rate": 16000.0,
        "encoding": "Signed Integer PCM",
        "fname": "train_data/KsponSpeech_000011.wav",
        "silent": false,
        "channels": 1,
        "num_samples": 93040,
        "bitrate": 16,
        "speed": 1,
        "duration": 3.551
      }
    ],
    "original_duration": 3.551,
    "transcript": " 아 근데 한시에 닫는 게 쫌 아쉽긴 한데 거기 진짜 괜찮은데 ",
    "original_num_samples": 93040
  }
]