[
  {
    "files": [
      {
        "sample_rate": 16000.0,
        "encoding": "Signed Integer PCM",
        "fname": "train_data/20190508180350_01020627642_171_6.wav",
        "silent": false,
        "channels": 1,
        "num_samples": 105440,
        "bitrate": 16,
        "speed": 1,
        "duration": 5.15
      }
    ],
    "original_duration": 5.15,
    "transcript": "he was in a fevered state of mind owing to the blight his wife's action threatened to cast upon his entire future",
    "original_num_samples": 105440
  },
  {
    "files": [
      {
        "sample_rate": 16000.0,
        "encoding": "Signed Integer PCM",
        "fname": "train_data/20190508180350_01020627642_171_7.wav",
        "silent": false,
        "channels": 1,
        "num_samples": 114320,
        "bitrate": 16,
        "speed": 1,
        "duration": 5.59
      }
    ],
    "original_duration": 5.59,
    "transcript": "he would have to pay her the money which she would now regularly demand or there would be trouble it did not matter what he did",
    "original_num_samples": 114320
  },
  {
    "files": [
      {
        "sample_rate": 16000.0,
        "encoding": "Signed Integer PCM",
        "fname": "train_data/20190508180350_01020627642_171_8.wav",
        "silent": false,
        "channels": 1,
        "num_samples": 77360,
        "bitrate": 16,
        "speed": 1,
        "duration": 5.38
      }
    ],
    "original_duration": 5.38,
    "transcript": "hurstwood walked the floor mentally arranging the chief points of his situation",
    "original_num_samples": 77360
  },
  {
    "files": [
      {
        "sample_rate": 16000.0,
        "encoding": "Signed Integer PCM",
        "fname": "train_data/20190508180350_01020627642_171_9.wav",
        "silent": false,
        "channels": 1,
        "num_samples": 45440,
        "bitrate": 16,
        "speed": 1,
        "duration": 6.14
      }
    ],
    "original_duration": 6.14,
    "transcript": "he also thought of his managerial position",
    "original_num_samples": 45440
  },
  {
    "files": [
      {
        "sample_rate": 16000.0,
        "encoding": "Signed Integer PCM",
        "fname": "train_data/20190508180553_01049417469_156_0.wav",
        "silent": false,
        "channels": 1,
        "num_samples": 31280,
        "bitrate": 16,
        "speed": 1,
        "duration": 3.28
      }
    ],
    "original_duration": 3.28,
    "transcript": "how would the papers talk about it",
    "original_num_samples": 31280
  },
  {
    "files": [
      {
        "sample_rate": 16000.0,
        "encoding": "Signed Integer PCM",
        "fname": "train_data/20190508180553_01049417469_156_1.wav",
        "silent": false,
        "channels": 1,
        "num_samples": 89600,
        "bitrate": 16,
        "speed": 1,
        "duration": 4.53
      }
    ],
    "original_duration": 4.53,
    "transcript": "many little wrinkles gathered between his eyes as he contemplated this and his brow moistened",
    "original_num_samples": 89600
  },
  {
    "files": [
      {
        "sample_rate": 16000.0,
        "encoding": "Signed Integer PCM",
        "fname": "train_data/20190508180553_01049417469_156_2.wav",
        "silent": false,
        "channels": 1,
        "num_samples": 79520,
        "bitrate": 16,
        "speed": 1,
        "duration": 3.83
      }
    ],
    "original_duration": 3.83,
    "transcript": "he could arrange that satisfactorily for carrie would be glad to wait if necessary",
    "original_num_samples": 79520
  },
  {
    "files": [
      {
        "sample_rate": 16000.0,
        "encoding": "Signed Integer PCM",
        "fname": "train_data/20190508180553_01049417469_156_3.wav",
        "silent": false,
        "channels": 1,
        "num_samples": 86000,
        "bitrate": 16,
        "speed": 1,
        "duration": 4.12
      }
    ],
    "original_duration": 4.12,
    "transcript": "he would see how things turned out to morrow and then he would talk to her they were going to meet as usual",
    "original_num_samples": 86000
  },
  {
    "files": [
      {
        "sample_rate": 16000.0,
        "encoding": "Signed Integer PCM",
        "fname": "train_data/20190508180553_01049417469_156_4.wav",
        "silent": false,
        "channels": 1,
        "num_samples": 111040,
        "bitrate": 16,
        "speed": 1,
        "duration": 4.23
      }
    ],
    "original_duration": 4.23,
    "transcript": "for some reason he felt as if something might come that way and was relieved when all the envelopes had been scanned and nothing suspicious noticed",
    "original_num_samples": 111040
  },
  {
    "files": [
      {
        "sample_rate": 16000.0,
        "encoding": "Signed Integer PCM",
        "fname": "train_data/20190508180553_01049417469_156_5.wav",
        "silent": false,
        "channels": 1,
        "num_samples": 93040,
        "bitrate": 16,
        "speed": 1,
        "duration": 3.5
      }
    ],
    "original_duration": 3.5,
    "transcript": "while the danger had not lessened it had not as yet materialised and with him no news was good news",
    "original_num_samples": 93040
  },
  {
    "files": [
      {
        "sample_rate": 16000.0,
        "encoding": "Signed Integer PCM",
        "fname": "train_data/20190508180553_01049417469_156_6.wav",
        "silent": false,
        "channels": 1,
        "num_samples": 84400,
        "bitrate": 16,
        "speed": 1,
        "duration": 3.91
      }
    ],
    "original_duration": 3.91,
    "transcript": "so little did he consider drouet that it never once occurred to him to worry about his finding out",
    "original_num_samples": 84400
  },
  {
    "files": [
      {
        "sample_rate": 16000.0,
        "encoding": "Signed Integer PCM",
        "fname": "train_data/20190508180553_01049417469_156_7.wav",
        "silent": false,
        "channels": 1,
        "num_samples": 71440,
        "bitrate": 16,
        "speed": 1,
        "duration": 4.6
      }
    ],
    "original_duration": 4.6,
    "transcript": "he grew restless as he ruminated and then decided that perhaps it was nothing",
    "original_num_samples": 71440
  },
  {
    "files": [
      {
        "sample_rate": 16000.0,
        "encoding": "Signed Integer PCM",
        "fname": "train_data/20190508180553_01049417469_156_8.wav",
        "silent": false,
        "channels": 1,
        "num_samples": 39920,
        "bitrate": 16,
        "speed": 1,
        "duration": 4.97
      }
    ],
    "original_duration": 4.97,
    "transcript": "she had not been able to get away this morning",
    "original_num_samples": 39920
  },
  {
    "files": [
      {
        "sample_rate": 16000.0,
        "encoding": "Signed Integer PCM",
        "fname": "train_data/20190508180553_01049417469_156_9.wav",
        "silent": false,
        "channels": 1,
        "num_samples": 97440,
        "bitrate": 16,
        "speed": 1,
        "duration": 2.97
      }
    ],
    "original_duration": 2.97,
    "transcript": "he would get one to day it would probably be on his desk when he got back he would look for it at once",
    "original_num_samples": 97440
  },
  {
    "files": [
      {
        "sample_rate": 16000.0,
        "encoding": "Signed Integer PCM",
        "fname": "train_data/20190508191134_01077069419_659_0.wav",
        "silent": false,
        "channels": 1,
        "num_samples": 65120,
        "bitrate": 16,
        "speed": 1,
        "duration": 4.98
      }
    ],
    "original_duration": 4.98,
    "transcript": "after a time he gave up waiting and drearily headed for the madison car",
    "original_num_samples": 65120
  },
  {
    "files": [
      {
        "sample_rate": 16000.0,
        "encoding": "Signed Integer PCM",
        "fname": "train_data/20190508191134_01077069419_659_1.wav",
        "silent": false,
        "channels": 1,
        "num_samples": 58800,
        "bitrate": 16,
        "speed": 1,
        "duration": 6.144
      }
    ],
    "original_duration": 6.144,
    "transcript": "he went in and examined his letters but there was nothing from carrie",
    "original_num_samples": 58800
  },
  {
    "files": [
      {
        "sample_rate": 16000.0,
        "encoding": "Signed Integer PCM",
        "fname": "train_data/20190508191134_01077069419_659_2.wav",
        "silent": false,
        "channels": 1,
        "num_samples": 44560,
        "bitrate": 16,
        "speed": 1,
        "duration": 5.55
      }
    ],
    "original_duration": 5.55,
    "transcript": "fortunately there was nothing from his wife either",
    "original_num_samples": 44560
  },
  {
    "files": [
      {
        "sample_rate": 16000.0,
        "encoding": "Signed Integer PCM",
        "fname": "train_data/20190508191134_01077069419_659_3.wav",
        "silent": false,
        "channels": 1,
        "num_samples": 79760,
        "bitrate": 16,
        "speed": 1,
        "duration": 5.97
      }
    ],
    "original_duration": 5.97,
    "transcript": "at one thirty he went to rector's for lunch and when he returned a messenger was waiting for him",
    "original_num_samples": 79760
  },
  {
    "files": [
      {
        "sample_rate": 16000.0,
        "encoding": "Signed Integer PCM",
        "fname": "train_data/20190508191134_01077069419_659_4.wav",
        "silent": false,
        "channels": 1,
        "num_samples": 72720,
        "bitrate": 16,
        "speed": 1,
        "duration": 5.6
      }
    ],
    "original_duration": 5.6,
    "transcript": "his first impulse was to write but four words in reply go to the devil",
    "original_num_samples": 72720
  },
  {
    "files": [
      {
        "sample_rate": 16000.0,
        "encoding": "Signed Integer PCM",
        "fname": "train_data/20190508191134_01077069419_659_5.wav",
        "silent": false,
        "channels": 1,
        "num_samples": 56960,
        "bitrate": 16,
        "speed": 1,
        "duration": 5.24
      }
    ],
    "original_duration": 5.24,
    "transcript": "but he compromised by telling the boy that there would be no reply",
    "original_num_samples": 56960
  },
  {
    "files": [
      {
        "sample_rate": 16000.0,
        "encoding": "Signed Integer PCM",
        "fname": "train_data/20190508191134_01077069419_659_6.wav",
        "silent": false,
        "channels": 1,
        "num_samples": 84560,
        "bitrate": 16,
        "speed": 1,
        "duration": 3.98
      }
    ],
    "original_duration": 3.98,
    "transcript": "then he sat down in his chair and gazed without seeing contemplating the result of his work",
    "original_num_samples": 84560
  },
  {
    "files": [
      {
        "sample_rate": 16000.0,
        "encoding": "Signed Integer PCM",
        "fname": "train_data/20190508191134_01077069419_659_7.wav",
        "silent": false,
        "channels": 1,
        "num_samples": 53920,
        "bitrate": 16,
        "speed": 1,
        "duration": 4.9
      }
    ],
    "original_duration": 4.9,
    "transcript": "what would she do about that the confounded wretch",
    "original_num_samples": 53920
  },
  {
    "files": [
      {
        "sample_rate": 16000.0,
        "encoding": "Signed Integer PCM",
        "fname": "train_data/20190508191134_01077069419_659_8.wav",
        "silent": false,
        "channels": 1,
        "num_samples": 54080,
        "bitrate": 16,
        "speed": 1,
        "duration": 4.41
      }
    ],
    "original_duration": 4.41,
    "transcript": "later however his old discretion asserted itself",
    "original_num_samples": 54080
  },
  {
    "files": [
      {
        "sample_rate": 16000.0,
        "encoding": "Signed Integer PCM",
        "fname": "train_data/20190508191134_01077069419_659_9.wav",
        "silent": false,
        "channels": 1,
        "num_samples": 62240,
        "bitrate": 16,
        "speed": 1,
        "duration": 4.48
      }
    ],
    "original_duration": 4.48,
    "transcript": "something had to be done a climax was near and she would not sit idle",
    "original_num_samples": 62240
  },
  {
    "files": [
      {
        "sample_rate": 16000.0,
        "encoding": "Signed Integer PCM",
        "fname": "train_data/20190508191748_01074147469_513_0.wav",
        "silent": false,
        "channels": 1,
        "num_samples": 72000,
        "bitrate": 16,
        "speed": 1,
        "duration": 2.72
      }
    ],
    "original_duration": 2.72,
    "transcript": "he knew her well enough to know that when she had decided upon a plan she would follow it up",
    "original_num_samples": 72000
  },
  {
    "files": [
      {
        "sample_rate": 16000.0,
        "encoding": "Signed Integer PCM",
        "fname": "train_data/20190508191748_01074147469_513_1.wav",
        "silent": false,
        "channels": 1,
        "num_samples": 54400,
        "bitrate": 16,
        "speed": 1,
        "duration": 3.26
      }
    ],
    "original_duration": 3.26,
    "transcript": "he arose from his chair and went and looked out into the street",
    "original_num_samples": 54400
  },
  {
    "files": [
      {
        "sample_rate": 16000.0,
        "encoding": "Signed Integer PCM",
        "fname": "train_data/20190508191748_01074147469_513_2.wav",
        "silent": false,
        "channels": 1,
        "num_samples": 78720,
        "bitrate": 16,
        "speed": 1,
        "duration": 4.29
      }
    ],
    "original_duration": 4.29,
    "transcript": "the long drizzle had begun pedestrians had turned up collars and trousers at the bottom",
    "original_num_samples": 78720
  },
  {
    "files": [
      {
        "sample_rate": 16000.0,
        "encoding": "Signed Integer PCM",
        "fname": "train_data/20190508191748_01074147469_513_3.wav",
        "silent": false,
        "channels": 1,
        "num_samples": 57520,
        "bitrate": 16,
        "speed": 1,
        "duration": 4.51
      }
    ],
    "original_duration": 4.51,
    "transcript": "hurstwood almost exclaimed out loud at the insistency of this thing",
    "original_num_samples": 57520
  },
  {
    "files": [
      {
        "sample_rate": 16000.0,
        "encoding": "Signed Integer PCM",
        "fname": "train_data/20190508191748_01074147469_513_4.wav",
        "silent": false,
        "channels": 1,
        "num_samples": 46400,
        "bitrate": 16,
        "speed": 1,
        "duration": 3.88
      }
    ],
    "original_duration": 3.88,
    "transcript": "he put on his hat and looked around for his umbrella",
    "original_num_samples": 46400
  },
  {
    "files": [
      {
        "sample_rate": 16000.0,
        "encoding": "Signed Integer PCM",
        "fname": "train_data/20190508191748_01074147469_513_5.wav",
        "silent": false,
        "channels": 1,
        "num_samples": 41600,
        "bitrate": 16,
        "speed": 1,
        "duration": 3.52
      }
    ],
    "original_duration": 3.52,
    "transcript": "he would have some arrangement of this thing",
    "original_num_samples": 41600
  },
  {
    "files": [
      {
        "sample_rate": 16000.0,
        "encoding": "Signed Integer PCM",
        "fname": "train_data/20190508191748_01074147469_513_6.wav",
        "silent": false,
        "channels": 1,
        "num_samples": 100800,
        "bitrate": 16,
        "speed": 1,
        "duration": 4.0
      }
    ],
    "original_duration": 4.0,
    "transcript": "he began to wish that he had compromised in some way or other that he had sent the money perhaps he could do it up here",
    "original_num_samples": 100800
  },
  {
    "files": [
      {
        "sample_rate": 16000.0,
        "encoding": "Signed Integer PCM",
        "fname": "train_data/20190508191748_01074147469_513_7.wav",
        "silent": false,
        "channels": 1,
        "num_samples": 57760,
        "bitrate": 16,
        "speed": 1,
        "duration": 3.23
      }
    ],
    "original_duration": 3.23,
    "transcript": "he would go in and see anyhow he would have no row",
    "original_num_samples": 57760
  },
  {
    "files": [
      {
        "sample_rate": 16000.0,
        "encoding": "Signed Integer PCM",
        "fname": "train_data/20190508191748_01074147469_513_8.wav",
        "silent": false,
        "channels": 1,
        "num_samples": 172320,
        "bitrate": 16,
        "speed": 1,
        "duration": 3.57
      }
    ],
    "original_duration": 3.57,
    "transcript": "by the time he reached his own street he was keenly alive to the difficulties of his situation and wished over and over that some solution would offer itself that he could see his way out",
    "original_num_samples": 172320
  },
  {
    "files": [
      {
        "sample_rate": 16000.0,
        "encoding": "Signed Integer PCM",
        "fname": "train_data/20190508191748_01074147469_513_9.wav",
        "silent": false,
        "channels": 1,
        "num_samples": 45520,
        "bitrate": 16,
        "speed": 1,
        "duration": 3.64
      }
    ],
    "original_duration": 3.64,
    "transcript": "then he rang the bell no answer",
    "original_num_samples": 45520
  }
]