[
  { "files": [ { "sample_rate": 16000.0, "encoding": "Signed Integer PCM", "fname": "train_data/20190508191748_01074147469_513_0.wav", "silent": false, "channels": 1, "num_samples": 43520, "bitrate": 16, "speed": 1, "duration": 2.72 } ], "original_duration": 2.72, "transcript": " 학생할인 대학생도 되나요?  ", "original_num_samples": 43520 },
  { "files": [ { "sample_rate": 16000.0, "encoding": "Signed Integer PCM", "fname": "train_data/20190508192212_01074147469_378_3.wav", "silent": false, "channels": 1, "num_samples": 44640, "bitrate": 16, "speed": 1, "duration": 2.79 } ], "original_duration": 2.79, "transcript": " 1월1일에 영업하나요?  ", "original_num_samples": 44640 },
  { "files": [ { "sample_rate": 16000.0, "encoding": "Signed Integer PCM", "fname": "train_data/20190508180350_01020627642_171_9.wav", "silent": false, "channels": 1, "num_samples": 98304, "bitrate": 16, "speed": 1, "duration": 6.144 } ], "original_duration": 6.144, "transcript": " 명동점에 가려고 하는데 명동역 몇 번 출구로 나와야 되나요?  ", "original_num_samples": 98304 },
  { "files": [ { "sample_rate": 16000.0, "encoding": "Signed Integer PCM", "fname": "train_data/20190508180553_01049417469_156_7.wav", "silent": false, "channels": 1, "num_samples": 73600, "bitrate": 16, "speed": 1, "duration": 4.6 } ], "original_duration": 4.6, "transcript": " 파스타를 먹고 싶은데 신메뉴가 있나요?  ", "original_num_samples": 73600 },
  { "files": [ { "sample_rate": 16000.0, "encoding": "Signed Integer PCM", "fname": "train_data/20190508192212_01074147469_378_9.wav", "silent": false, "channels": 1, "num_samples": 38720, "bitrate": 16, "speed": 1, "duration": 2.42 } ], "original_duration": 2.42, "transcript": " 설날에 영업하나요?  ", "original_num_samples": 38720 },
  { "files": [ { "sample_rate": 16000.0, "encoding": "Signed Integer PCM", "fname": "train_data/20190508180553_01049417469_156_9.wav", "silent": false, "channels": 1, "num_samples": 47520, "bitrate": 16, "speed": 1, "duration": 2.97 } ], "original_duration": 2.97, "transcript": " 스테이크의 종류들이 궁금해요  ", "original_num_samples": 47520 },
  { "files": [ { "sample_rate": 16000.0, "encoding": "Signed Integer PCM", "fname": "train_data/20190508233612_01063995230_896_0.wav", "silent": false, "channels": 1, "num_samples": 90400, "bitrate": 16, "speed": 1, "duration": 5.65 } ], "original_duration": 5.65, "transcript": " 예약 하고싶습니다  ", "original_num_samples": 90400 },
  { "files": [ { "sample_rate": 16000.0, "encoding": "Signed Integer PCM", "fname": "train_data/20190508204407_01063995230_548_2.wav", "silent": false, "channels": 1, "num_samples": 98304, "bitrate": 16, "speed": 1, "duration": 6.144 } ], "original_duration": 6.144, "transcript": " 아기가 울까봐 걱정되는데 같이가도 괜찮을까요?  ", "original_num_samples": 98304 },
  { "files": [ { "sample_rate": 16000.0, "encoding": "Signed Integer PCM", "fname": "train_data/20190508180553_01049417469_156_2.wav", "silent": false, "channels": 1, "num_samples": 61280, "bitrate": 16, "speed": 1, "duration": 3.83 } ], "original_duration": 3.83, "transcript": " 스테이크종류는 어떤게 있나요?  ", "original_num_samples": 61280 },
  { "files": [ { "sample_rate": 16000.0, "encoding": "Signed Integer PCM", "fname": "train_data/20190508203517_01063995230_762_3.wav", "silent": false, "channels": 1, "num_samples": 98304, "bitrate": 16, "speed": 1, "duration": 6.144 } ], "original_duration": 6.144, "transcript": " 화장실에 파우치를 놓고왔는데 한번 찾아봐주세요!  ", "original_num_samples": 98304 },
  { "files": [ { "sample_rate": 16000.0, "encoding": "Signed Integer PCM", "fname": "train_data/20190508222123_01063280616_223_9.wav", "silent": false, "channels": 1, "num_samples": 87520, "bitrate": 16, "speed": 1, "duration": 5.47 } ], "original_duration": 5.47, "transcript": " 팀회식을 하려고하는데 몇 자리까지 가능한가요?  ", "original_num_samples": 87520 },
  { "files": [ { "sample_rate": 16000.0, "encoding": "Signed Integer PCM", "fname": "train_data/20190508192212_01074147469_378_2.wav", "silent": false, "channels": 1, "num_samples": 70560, "bitrate": 16, "speed": 1, "duration": 4.41 } ], "original_duration": 4.41, "transcript": " 설날에 아웃백을 가고 싶은데 여는 매장이 있나요?  ", "original_num_samples": 70560 },
  { "files": [ { "sample_rate": 16000.0, "encoding": "Signed Integer PCM", "fname": "train_data/20190508203517_01063995230_762_7.wav", "silent": false, "channels": 1, "num_samples": 75840, "bitrate": 16, "speed": 1, "duration": 4.74 } ], "original_duration": 4.74, "transcript": " 폭립 배달 가능한가요?  ", "original_num_samples": 75840 },
  { "files": [ { "sample_rate": 16000.0, "encoding": "Signed Integer PCM", "fname": "train_data/20190508180350_01020627642_171_7.wav", "silent": false, "channels": 1, "num_samples": 89440, "bitrate": 16, "speed": 1, "duration": 5.59 } ], "original_duration": 5.59, "transcript": " 여기 사당역인데 어느 쪽으로 가야되나요?  ", "original_num_samples": 89440 },
  { "files": [ { "sample_rate": 16000.0, "encoding": "Signed Integer PCM", "fname": "train_data/20190508203517_01063995230_762_8.wav", "silent": false, "channels": 1, "num_samples": 94080, "bitrate": 16, "speed": 1, "duration": 5.88 } ], "original_duration": 5.88, "transcript": " 샐러드류도 배달 가능한가요?  ", "original_num_samples": 94080 },
  { "files": [ { "sample_rate": 16000.0, "encoding": "Signed Integer PCM", "fname": "train_data/20190508191134_01077069419_659_4.wav", "silent": false, "channels": 1, "num_samples": 89600, "bitrate": 16, "speed": 1, "duration": 5.6 } ], "original_duration": 5.6, "transcript": " 지금 주차하면 몇 시까지 있을 수 있나요?  ", "original_num_samples": 89600 },
  { "files": [ { "sample_rate": 16000.0, "encoding": "Signed Integer PCM", "fname": "train_data/20190508192247_01031919108_406_3.wav", "silent": false, "channels": 1, "num_samples": 91520, "bitrate": 16, "speed": 1, "duration": 5.72 } ], "original_duration": 5.72, "transcript": " 찾아가는길이 어딘지 자세히좀 알려주세요  ", "original_num_samples": 91520 },
  { "files": [ { "sample_rate": 16000.0, "encoding": "Signed Integer PCM", "fname": "train_data/20190508192212_01074147469_378_5.wav", "silent": false, "channels": 1, "num_samples": 46080, "bitrate": 16, "speed": 1, "duration": 2.88 } ], "original_duration": 2.88, "transcript": " 추석 당일에도 영업하나요?  ", "original_num_samples": 46080 },
  { "files": [ { "sample_rate": 16000.0, "encoding": "Signed Integer PCM", "fname": "train_data/20190508191748_01074147469_513_2.wav", "silent": false, "channels": 1, "num_samples": 68640, "bitrate": 16, "speed": 1, "duration": 4.29 } ], "original_duration": 4.29, "transcript": " 몇살부터 몇살까지가 학생할인을 받을수 있나요?  ", "original_num_samples": 68640 },
  { "files": [ { "sample_rate": 16000.0, "encoding": "Signed Integer PCM", "fname": "train_data/20190508192247_01031919108_406_6.wav", "silent": false, "channels": 1, "num_samples": 63520, "bitrate": 16, "speed": 1, "duration": 3.97 } ], "original_duration": 3.97, "transcript": " 목동점 어디에 있나요?  ", "original_num_samples": 63520 },
  { "files": [ { "sample_rate": 16000.0, "encoding": "Signed Integer PCM", "fname": "train_data/20190508191748_01074147469_513_8.wav", "silent": false, "channels": 1, "num_samples": 57120, "bitrate": 16, "speed": 1, "duration": 3.57 } ], "original_duration": 3.57, "transcript": " 학생증 있으면 학생 할인 받아주나요?  ", "original_num_samples": 57120 },
  { "files": [ { "sample_rate": 16000.0, "encoding": "Signed Integer PCM", "fname": "train_data/20190508191134_01077069419_659_8.wav", "silent": false, "channels": 1, "num_samples": 70560, "bitrate": 16, "speed": 1, "duration": 4.41 } ], "original_duration": 4.41, "transcript": " 주차시간 몇시간이에요?  ", "original_num_samples": 70560 },
  { "files": [ { "sample_rate": 16000.0, "encoding": "Signed Integer PCM", "fname": "train_data/20190508201000_01098510604_819_0.wav", "silent": false, "channels": 1, "num_samples": 97920, "bitrate": 16, "speed": 1, "duration": 6.12 } ], "original_duration": 6.12, "transcript": " 영업 시간이 어떻게 됩니까?  ", "original_num_samples": 97920 },
  { "files": [ { "sample_rate": 16000.0, "encoding": "Signed Integer PCM", "fname": "train_data/20190508192247_01031919108_406_8.wav", "silent": false, "channels": 1, "num_samples": 76160, "bitrate": 16, "speed": 1, "duration": 4.76 } ], "original_duration": 4.76, "transcript": " 가까운 버스정류장이 어딘가요?  ", "original_num_samples": 76160 },
  { "files": [ { "sample_rate": 16000.0, "encoding": "Signed Integer PCM", "fname": "train_data/20190508180553_01049417469_156_4.wav", "silent": false, "channels": 1, "num_samples": 67680, "bitrate": 16, "speed": 1, "duration": 4.23 } ], "original_duration": 4.23, "transcript": " 샐러드 종류가 얼마나 되나요?  ", "original_num_samples": 67680 },
  { "files": [ { "sample_rate": 16000.0, "encoding": "Signed Integer PCM", "fname": "train_data/20190508191134_01077069419_659_1.wav", "silent": false, "channels": 1, "num_samples": 98304, "bitrate": 16, "speed": 1, "duration": 6.144 } ], "original_duration": 6.144, "transcript": " 오후에 주차 몇 시간까지 가능한가요?  ", "original_num_samples": 98304 },
  { "files": [ { "sample_rate": 16000.0, "encoding": "Signed Integer PCM", "fname": "train_data/20190508191134_01077069419_659_2.wav", "silent": false, "channels": 1, "num_samples": 88800, "bitrate": 16, "speed": 1, "duration": 5.55 } ], "original_duration": 5.55, "transcript": " 보통 주차 시간이 따로 있나요?  ", "original_num_samples": 88800 },
  { "files": [ { "sample_rate": 16000.0, "encoding": "Signed Integer PCM", "fname": "train_data/20190508191134_01077069419_659_6.wav", "silent": false, "channels": 1, "num_samples": 63680, "bitrate": 16, "speed": 1, "duration": 3.98 } ], "original_duration": 3.98, "transcript": " 몇 시간 주차 할 수 있나요?  ", "original_num_samples": 63680 },
  { "files": [ { "sample_rate": 16000.0, "encoding": "Signed Integer PCM", "fname": "train_data/20190508203517_01063995230_762_9.wav", "silent": false, "channels": 1, "num_samples": 84000, "bitrate": 16, "speed": 1, "duration": 5.25 } ], "original_duration": 5.25, "transcript": " 가장 많이 배달되는 음식은 무엇인가요?  ", "original_num_samples": 84000 },
  { "files": [ { "sample_rate": 16000.0, "encoding": "Signed Integer PCM", "fname": "train_data/20190508192212_01074147469_378_7.wav", "silent": false, "channels": 1, "num_samples": 40480, "bitrate": 16, "speed": 1, "duration": 2.53 } ], "original_duration": 2.53, "transcript": " 빨간날도 장사해요?  ", "original_num_samples": 40480 },
  { "files": [ { "sample_rate": 16000.0, "encoding": "Signed Integer PCM", "fname": "train_data/20190508192247_01031919108_406_0.wav", "silent": false, "channels": 1, "num_samples": 71520, "bitrate": 16, "speed": 1, "duration": 4.47 } ], "original_duration": 4.47, "transcript": " 무슨건물 옆인가요?  ", "original_num_samples": 71520 },
  { "files": [ { "sample_rate": 16000.0, "encoding": "Signed Integer PCM", "fname": "train_data/20190508222123_01063280616_223_0.wav", "silent": false, "channels": 1, "num_samples": 64959, "bitrate": 16, "speed": 1, "duration": 4.06 } ], "original_duration": 4.06, "transcript": " 10명 갈껀데 예약 가능하죠?  ", "original_num_samples": 64959 },
  { "files": [ { "sample_rate": 16000.0, "encoding": "Signed Integer PCM", "fname": "train_data/20190508204407_01063995230_548_6.wav", "silent": false, "channels": 1, "num_samples": 98304, "bitrate": 16, "speed": 1, "duration": 6.144 } ], "original_duration": 6.144, "transcript": " 메뉴 하나를 아기 그릇에 따로나눠서 담아 주실 수 있나요?  ", "original_num_samples": 98304 },
  { "files": [ { "sample_rate": 16000.0, "encoding": "Signed Integer PCM", "fname": "train_data/20190508204407_01063995230_548_1.wav", "silent": false, "channels": 1, "num_samples": 98304, "bitrate": 16, "speed": 1, "duration": 6.144 } ], "original_duration": 6.144, "transcript": " 아기용  숟가락이랑 포크 준비 되죠?  ", "original_num_samples": 98304 },
  { "files": [ { "sample_rate": 16000.0, "encoding": "Signed Integer PCM", "fname": "train_data/20190508203517_01063995230_762_1.wav", "silent": false, "channels": 1, "num_samples": 98304, "bitrate": 16, "speed": 1, "duration": 6.144 } ], "original_duration": 6.144, "transcript": " 분실물은 어떻게 찾을 수 있죠?  ", "original_num_samples": 98304 },
  { "files": [ { "sample_rate": 16000.0, "encoding": "Signed Integer PCM", "fname": "train_data/20190508201000_01098510604_819_8.wav", "silent": false, "channels": 1, "num_samples": 88640, "bitrate": 16, "speed": 1, "duration": 5.54 } ], "original_duration": 5.54, "transcript": " 자리 있어요?  ", "original_num_samples": 88640 },
  { "files": [ { "sample_rate": 16000.0, "encoding": "Signed Integer PCM", "fname": "train_data/20190508192247_01031919108_406_5.wav", "silent": false, "channels": 1, "num_samples": 88160, "bitrate": 16, "speed": 1, "duration": 5.51 } ], "original_duration": 5.51, "transcript": " 서울대 입구역에서 가까운 곳에 있나요?  ", "original_num_samples": 88160 },
  { "files": [ { "sample_rate": 16000.0, "encoding": "Signed Integer PCM", "fname": "train_data/20190508192247_01031919108_406_1.wav", "silent": false, "channels": 1, "num_samples": 98304, "bitrate": 16, "speed": 1, "duration": 6.144 } ], "original_duration": 6.144, "transcript": " 아웃백이 입점해있는 건물 이름이  어덯게 되나요?  ", "original_num_samples": 98304 },
  { "files": [ { "sample_rate": 16000.0, "encoding": "Signed Integer PCM", "fname": "train_data/20190508192247_01031919108_406_4.wav", "silent": false, "channels": 1, "num_samples": 73920, "bitrate": 16, "speed": 1, "duration": 4.62 } ], "original_duration": 4.62, "transcript": " 아웃백 위치가 어디인가요?  ", "original_num_samples": 73920 },
  { "files": [ { "sample_rate": 16000.0, "encoding": "Signed Integer PCM", "fname": "train_data/20190508192247_01031919108_406_2.wav", "silent": false, "channels": 1, "num_samples": 86080, "bitrate": 16, "speed": 1, "duration": 5.38 } ], "original_duration": 5.38, "transcript": " 버스에서 내려서 어떻게 찾아가죠?  ", "original_num_samples": 86080 },
  { "files": [ { "sample_rate": 16000.0, "encoding": "Signed Integer PCM", "fname": "train_data/20190508180553_01049417469_156_6.wav", "silent": false, "channels": 1, "num_samples": 62560, "bitrate": 16, "speed": 1, "duration": 3.91 } ], "original_duration": 3.91, "transcript": " 사이드 메뉴에는 무엇이 있나요?  ", "original_num_samples": 62560 },
  { "files": [ { "sample_rate": 16000.0, "encoding": "Signed Integer PCM", "fname": "train_data/20190508233612_01063995230_896_4.wav", "silent": false, "channels": 1, "num_samples": 101280, "bitrate": 16, "speed": 1, "duration": 6.33 } ], "original_duration": 6.33, "transcript": " 방문 포장 예약하려고 전화드렸습니다  ", "original_num_samples": 101280 },
  { "files": [ { "sample_rate": 16000.0, "encoding": "Signed Integer PCM", "fname": "train_data/20190508204407_01063995230_548_5.wav", "silent": false, "channels": 1, "num_samples": 86400, "bitrate": 16, "speed": 1, "duration": 5.4 } ], "original_duration": 5.4, "transcript": " 아기용 음료가 따로 있나요?  ", "original_num_samples": 86400 },
  { "files": [ { "sample_rate": 16000.0, "encoding": "Signed Integer PCM", "fname": "train_data/20190508191134_01077069419_659_3.wav", "silent": false, "channels": 1, "num_samples": 95520, "bitrate": 16, "speed": 1, "duration": 5.97 } ], "original_duration": 5.97, "transcript": " 평일이랑 주말이랑 주차시간이 같아요?  ", "original_num_samples": 95520 },
  { "files": [ { "sample_rate": 16000.0, "encoding": "Signed Integer PCM", "fname": "train_data/20190508222123_01063280616_223_1.wav", "silent": false, "channels": 1, "num_samples": 72480, "bitrate": 16, "speed": 1, "duration": 4.53 } ], "original_duration": 4.53, "transcript": " 내일 오후 5시에 예약 가능한가요?  ", "original_num_samples": 72480 },
  { "files": [ { "sample_rate": 16000.0, "encoding": "Signed Integer PCM", "fname": "train_data/20190508192212_01074147469_378_6.wav", "silent": false, "channels": 1, "num_samples": 37760, "bitrate": 16, "speed": 1, "duration": 2.36 } ], "original_duration": 2.36, "transcript": " 추석에도 영업 하나요?  ", "original_num_samples": 37760 },
  { "files": [ { "sample_rate": 16000.0, "encoding": "Signed Integer PCM", "fname": "train_data/20190508191134_01077069419_659_7.wav", "silent": false, "channels": 1, "num_samples": 65440, "bitrate": 16, "speed": 1, "duration": 4.09 } ], "original_duration": 4.09, "transcript": " 주차는 몇시까지 할 수 있어요?  ", "original_num_samples": 65440 },
  { "files": [ { "sample_rate": 16000.0, "encoding": "Signed Integer PCM", "fname": "train_data/20190508191134_01077069419_659_5.wav", "silent": false, "channels": 1, "num_samples": 83840, "bitrate": 16, "speed": 1, "duration": 5.24 } ], "original_duration": 5.24, "transcript": " 아웃백 오후에 몇시간 주차 가능한가요?  ", "original_num_samples": 83840 },
  { "files": [ { "sample_rate": 16000.0, "encoding": "Signed Integer PCM", "fname": "train_data/20190508192247_01031919108_406_7.wav", "silent": false, "channels": 1, "num_samples": 76480, "bitrate": 16, "speed": 1, "duration": 4.78 } ], "original_duration": 4.78, "transcript": " 경산이랑 가까운 위치에 있나요?  ", "original_num_samples": 76480 },
  { "files": [ { "sample_rate": 16000.0, "encoding": "Signed Integer PCM", "fname": "train_data/20190508222123_01063280616_223_7.wav", "silent": false, "channels": 1, "num_samples": 85600, "bitrate": 16, "speed": 1, "duration": 5.35 } ], "original_duration": 5.35, "transcript": " 8시에 가려고 하는데 가능한가요?  ", "original_num_samples": 85600 },
  { "files": [ { "sample_rate": 16000.0, "encoding": "Signed Integer PCM", "fname": "train_data/20190508204407_01063995230_548_9.wav", "silent": false, "channels": 1, "num_samples": 75200, "bitrate": 16, "speed": 1, "duration": 4.7 } ], "original_duration": 4.7, "transcript": " 다른 곳으로 이전할 것인가요?  ", "original_num_samples": 75200 },
  { "files": [ { "sample_rate": 16000.0, "encoding": "Signed Integer PCM", "fname": "train_data/20190508201000_01098510604_819_5.wav", "silent": false, "channels": 1, "num_samples": 89120, "bitrate": 16, "speed": 1, "duration": 5.57 } ], "original_duration": 5.57, "transcript": " 20명 들어갈 자리 있나요?  ", "original_num_samples": 89120 },
  { "files": [ { "sample_rate": 16000.0, "encoding": "Signed Integer PCM", "fname": "train_data/20190508233612_01063995230_896_3.wav", "silent": false, "channels": 1, "num_samples": 90880, "bitrate": 16, "speed": 1, "duration": 5.68 } ], "original_duration": 5.68, "transcript": " 예약 취소 때문에 전화드렸습니다  ", "original_num_samples": 90880 },
  { "files": [ { "sample_rate": 16000.0, "encoding": "Signed Integer PCM", "fname": "train_data/20190508180350_01020627642_171_6.wav", "silent": false, "channels": 1, "num_samples": 82400, "bitrate": 16, "speed": 1, "duration": 5.15 } ], "original_duration": 5.15, "transcript": " 가장 가까운 지하철역이 무슨역 인가요?  ", "original_num_samples": 82400 },
  { "files": [ { "sample_rate": 16000.0, "encoding": "Signed Integer PCM", "fname": "train_data/20190508192212_01074147469_378_4.wav", "silent": false, "channels": 1, "num_samples": 39040, "bitrate": 16, "speed": 1, "duration": 2.44 } ], "original_duration": 2.44, "transcript": " 크리스마스에도 해요?  ", "original_num_samples": 39040 },
  { "files": [ { "sample_rate": 16000.0, "encoding": "Signed Integer PCM", "fname": "train_data/20190508222123_01063280616_223_4.wav", "silent": false, "channels": 1, "num_samples": 77920, "bitrate": 16, "speed": 1, "duration": 4.87 } ], "original_duration": 4.87, "transcript": " 일요일 점심시간 예약하고 싶은데요  ", "original_num_samples": 77920 },
  { "files": [ { "sample_rate": 16000.0, "encoding": "Signed Integer PCM", "fname": "train_data/20190508201000_01098510604_819_7.wav", "silent": false, "channels": 1, "num_samples": 85280, "bitrate": 16, "speed": 1, "duration": 5.33 } ], "original_duration": 5.33, "transcript": " 창가 쪽 자리 예약 될까요?  ", "original_num_samples": 85280 },
  { "files": [ { "sample_rate": 16000.0, "encoding": "Signed Integer PCM", "fname": "train_data/20190508204407_01063995230_548_0.wav", "silent": false, "channels": 1, "num_samples": 93440, "bitrate": 16, "speed": 1, "duration": 5.84 } ], "original_duration": 5.84, "transcript": " 런치타임에 예약 가능한가요 ?  ", "original_num_samples": 93440 },
  { "files": [ { "sample_rate": 16000.0, "encoding": "Signed Integer PCM", "fname": "train_data/20190508180553_01049417469_156_5.wav", "silent": false, "channels": 1, "num_samples": 56000, "bitrate": 16, "speed": 1, "duration": 3.5 } ], "original_duration": 3.5, "transcript": " 스테이크는 종류 뭐뭐 있어요?  ", "original_num_samples": 56000 },
  { "files": [ { "sample_rate": 16000.0, "encoding": "Signed Integer PCM", "fname": "train_data/20190508203517_01063995230_762_6.wav", "silent": false, "channels": 1, "num_samples": 98304, "bitrate": 16, "speed": 1, "duration": 6.144 } ], "original_duration": 6.144, "transcript": " 아웃백 멤버십 쿠폰으로 주문하는 메뉴도 배달 가능한가요?  ", "original_num_samples": 98304 },
  { "files": [ { "sample_rate": 16000.0, "encoding": "Signed Integer PCM", "fname": "train_data/20190508222123_01063280616_223_6.wav", "silent": false, "channels": 1, "num_samples": 87040, "bitrate": 16, "speed": 1, "duration": 5.44 } ], "original_duration": 5.44, "transcript": " 내일 오후 5시 예약할 수 있을까요?  ", "original_num_samples": 87040 },
  { "files": [ { "sample_rate": 16000.0, "encoding": "Signed Integer PCM", "fname": "train_data/20190508222123_01063280616_223_2.wav", "silent": false, "channels": 1, "num_samples": 70240, "bitrate": 16, "speed": 1, "duration": 4.39 } ], "original_duration": 4.39, "transcript": " 주말 런치 예약 가능한가요?  ", "original_num_samples": 70240 },
  { "files": [ { "sample_rate": 16000.0, "encoding": "Signed Integer PCM", "fname": "train_data/20190508222123_01063280616_223_5.wav", "silent": false, "channels": 1, "num_samples": 74560, "bitrate": 16, "speed": 1, "duration": 4.66 } ], "original_duration": 4.66, "transcript": " 이번 토요일 12시에 예약 가능한가요?  ", "original_num_samples": 74560 },
  { "files": [ { "sample_rate": 16000.0, "encoding": "Signed Integer PCM", "fname": "train_data/20190508191748_01074147469_513_5.wav", "silent": false, "channels": 1, "num_samples": 56320, "bitrate": 16, "speed": 1, "duration": 3.52 } ], "original_duration": 3.52, "transcript": " 런치 할인과 학생 할인 중복되나요?  ", "original_num_samples": 56320 },
  { "files": [ { "sample_rate": 16000.0, "encoding": "Signed Integer PCM", "fname": "train_data/20190508203517_01063995230_762_0.wav", "silent": false, "channels": 1, "num_samples": 98304, "bitrate": 16, "speed": 1, "duration": 6.144 } ], "original_duration": 6.144, "transcript": " 배달 되는 메뉴가 정해져 있나요?  ", "original_num_samples": 98304 },
  { "files": [ { "sample_rate": 16000.0, "encoding": "Signed Integer PCM", "fname": "train_data/20190508203517_01063995230_762_2.wav", "silent": false, "channels": 1, "num_samples": 98304, "bitrate": 16, "speed": 1, "duration": 6.144 } ], "original_duration": 6.144, "transcript": " 핸드폰을 놓고 온 것 같은데 찾아봐주실 수 있나요?  ", "original_num_samples": 98304 },
  { "files": [ { "sample_rate": 16000.0, "encoding": "Signed Integer PCM", "fname": "train_data/20190508203517_01063995230_762_5.wav", "silent": false, "channels": 1, "num_samples": 73760, "bitrate": 16, "speed": 1, "duration": 4.61 } ], "original_duration": 4.61, "transcript": " 음료도 배달이 가능한가요?  ", "original_num_samples": 73760 },
  { "files": [ { "sample_rate": 16000.0, "encoding": "Signed Integer PCM", "fname": "train_data/20190508201000_01098510604_819_9.wav", "silent": false, "channels": 1, "num_samples": 76320, "bitrate": 16, "speed": 1, "duration": 4.77 } ], "original_duration": 4.77, "transcript": " 단체석이 있을까요  ", "original_num_samples": 76320 },
  { "files": [ { "sample_rate": 16000.0, "encoding": "Signed Integer PCM", "fname": "train_data/20190508191748_01074147469_513_3.wav", "silent": false, "channels": 1, "num_samples": 72160, "bitrate": 16, "speed": 1, "duration": 4.51 } ], "original_duration": 4.51, "transcript": " 학생할인 기준은 무엇인가요? 몇 살까지 인가요?  ", "original_num_samples": 72160 },
  { "files": [ { "sample_rate": 16000.0, "encoding": "Signed Integer PCM", "fname": "train_data/20190508222123_01063280616_223_3.wav", "silent": false, "channels": 1, "num_samples": 92480, "bitrate": 16, "speed": 1, "duration": 5.78 } ], "original_duration": 5.78, "transcript": " 혹시 이번주 일요일 12시쯤 자리있나요?  ", "original_num_samples": 92480 },
  { "files": [ { "sample_rate": 16000.0, "encoding": "Signed Integer PCM", "fname": "train_data/20190508191748_01074147469_513_7.wav", "silent": false, "channels": 1, "num_samples": 51680, "bitrate": 16, "speed": 1, "duration": 3.23 } ], "original_duration": 3.23, "transcript": " 학생 할인이 가능한 시간이 있나요?  ", "original_num_samples": 51680 },
  { "files": [ { "sample_rate": 16000.0, "encoding": "Signed Integer PCM", "fname": "train_data/20190508233612_01063995230_896_5.wav", "silent": false, "channels": 1, "num_samples": 91040, "bitrate": 16, "speed": 1, "duration": 5.69 } ], "original_duration": 5.69, "transcript": " 내일 예약하고싶어요  ", "original_num_samples": 91040 },
  { "files": [ { "sample_rate": 16000.0, "encoding": "Signed Integer PCM", "fname": "train_data/20190508192212_01074147469_378_0.wav", "silent": false, "channels": 1, "num_samples": 40960, "bitrate": 16, "speed": 1, "duration": 2.56 } ], "original_duration": 2.56, "transcript": " 크리스마스날 영업하나요?  ", "original_num_samples": 40960 },
  { "files": [ { "sample_rate": 16000.0, "encoding": "Signed Integer PCM", "fname": "train_data/20190508204407_01063995230_548_8.wav", "silent": false, "channels": 1, "num_samples": 78880, "bitrate": 16, "speed": 1, "duration": 4.93 } ], "original_duration": 4.93, "transcript": " 수유실은 어디에요?  ", "original_num_samples": 78880 },
  { "files": [ { "sample_rate": 16000.0, "encoding": "Signed Integer PCM", "fname": "train_data/20190508222123_01063280616_223_8.wav", "silent": false, "channels": 1, "num_samples": 81600, "bitrate": 16, "speed": 1, "duration": 5.1 } ], "original_duration": 5.1, "transcript": " 25명 단체도 예약 가능한가요?  ", "original_num_samples": 81600 },
  { "files": [ { "sample_rate": 16000.0, "encoding": "Signed Integer PCM", "fname": "train_data/20190508192247_01031919108_406_9.wav", "silent": false, "channels": 1, "num_samples": 98304, "bitrate": 16, "speed": 1, "duration": 6.144 } ], "original_duration": 6.144, "transcript": " 전철 타고 가려고 하는데 주변에 전철역이 있나요?  ", "original_num_samples": 98304 },
  { "files": [ { "sample_rate": 16000.0, "encoding": "Signed Integer PCM", "fname": "train_data/20190508192212_01074147469_378_1.wav", "silent": false, "channels": 1, "num_samples": 61440, "bitrate": 16, "speed": 1, "duration": 3.84 } ], "original_duration": 3.84, "transcript": " 한글날에 식사 가능한가요?  ", "original_num_samples": 61440 },
  { "files": [ { "sample_rate": 16000.0, "encoding": "Signed Integer PCM", "fname": "train_data/20190508203517_01063995230_762_4.wav", "silent": false, "channels": 1, "num_samples": 98304, "bitrate": 16, "speed": 1, "duration": 6.144 } ], "original_duration": 6.144, "transcript": " 핸드폰을 놓고 갔는데 혹시 보셨나요?  ", "original_num_samples": 98304 },
  { "files": [ { "sample_rate": 16000.0, "encoding": "Signed Integer PCM", "fname": "train_data/20190508204407_01063995230_548_7.wav", "silent": false, "channels": 1, "num_samples": 98304, "bitrate": 16, "speed": 1, "duration": 6.144 } ], "original_duration": 6.144, "transcript": " 아기 수저 소독하려는데 뜨거운 물 줄수 있나요?  ", "original_num_samples": 98304 },
  { "files": [ { "sample_rate": 16000.0, "encoding": "Signed Integer PCM", "fname": "train_data/20190508191748_01074147469_513_4.wav", "silent": false, "channels": 1, "num_samples": 62080, "bitrate": 16, "speed": 1, "duration": 3.88 } ], "original_duration": 3.88, "transcript": " 학생 할인은 몇살부터 몇살까지에요?  ", "original_num_samples": 62080 },
  { "files": [ { "sample_rate": 16000.0, "encoding": "Signed Integer PCM", "fname": "train_data/20190508180350_01020627642_171_8.wav", "silent": false, "channels": 1, "num_samples": 86080, "bitrate": 16, "speed": 1, "duration": 5.38 } ], "original_duration": 5.38, "transcript": " 지하철 타고 갈 수 있는 방법을 알려주세요  ", "original_num_samples": 86080 },
  { "files": [ { "sample_rate": 16000.0, "encoding": "Signed Integer PCM", "fname": "train_data/20190508180553_01049417469_156_8.wav", "silent": false, "channels": 1, "num_samples": 79520, "bitrate": 16, "speed": 1, "duration": 4.97 } ], "original_duration": 4.97, "transcript": " 스테이크는 서로인 말고 다른 거 어떤 거 있어요?  ", "original_num_samples": 79520 },
  { "files": [ { "sample_rate": 16000.0, "encoding": "Signed Integer PCM", "fname": "train_data/20190508180553_01049417469_156_1.wav", "silent": false, "channels": 1, "num_samples": 72480, "bitrate": 16, "speed": 1, "duration": 4.53 } ], "original_duration": 4.53, "transcript": " 연세 있으신 어른들이 먹을만한 메뉴가 있나요?  ", "original_num_samples": 72480 },
  { "files": [ { "sample_rate": 16000.0, "encoding": "Signed Integer PCM", "fname": "train_data/20190508191748_01074147469_513_1.wav", "silent": false, "channels": 1, "num_samples": 52160, "bitrate": 16, "speed": 1, "duration": 3.26 } ], "original_duration": 3.26, "transcript": " 학생 할인 기준이 어떻게 되나요?  ", "original_num_samples": 52160 },
  { "files": [ { "sample_rate": 16000.0, "encoding": "Signed Integer PCM", "fname": "train_data/20190508191134_01077069419_659_0.wav", "silent": false, "channels": 1, "num_samples": 79680, "bitrate": 16, "speed": 1, "duration": 4.98 } ], "original_duration": 4.98, "transcript": " 평일에는 보통 몇시간까지 주차가 가능한가요?  ", "original_num_samples": 79680 },
  { "files": [ { "sample_rate": 16000.0, "encoding": "Signed Integer PCM", "fname": "train_data/20190508201000_01098510604_819_4.wav", "silent": false, "channels": 1, "num_samples": 92800, "bitrate": 16, "speed": 1, "duration": 5.8 } ], "original_duration": 5.8, "transcript": " 여기 어딘데 배달 돼요?  ", "original_num_samples": 92800 },
  { "files": [ { "sample_rate": 16000.0, "encoding": "Signed Integer PCM", "fname": "train_data/20190508233612_01063995230_896_1.wav", "silent": false, "channels": 1, "num_samples": 117280, "bitrate": 16, "speed": 1, "duration": 7.33 } ], "original_duration": 7.33, "transcript": " 방문 포장 예약하려고 하는데요  ", "original_num_samples": 117280 },
  { "files": [ { "sample_rate": 16000.0, "encoding": "Signed Integer PCM", "fname": "train_data/20190508180553_01049417469_156_0.wav", "silent": false, "channels": 1, "num_samples": 52480, "bitrate": 16, "speed": 1, "duration": 3.28 } ], "original_duration": 3.28, "transcript": " 파스타는 어떤 것들이 있나요?  ", "original_num_samples": 52480 },
  { "files": [ { "sample_rate": 16000.0, "encoding": "Signed Integer PCM", "fname": "train_data/20190508191134_01077069419_659_9.wav", "silent": false, "channels": 1, "num_samples": 71680, "bitrate": 16, "speed": 1, "duration": 4.48 } ], "original_duration": 4.48, "transcript": " 주차는 몇시간까지 가능한가요?  ", "original_num_samples": 71680 },
  { "files": [ { "sample_rate": 16000.0, "encoding": "Signed Integer PCM", "fname": "train_data/20190508204407_01063995230_548_4.wav", "silent": false, "channels": 1, "num_samples": 68800, "bitrate": 16, "speed": 1, "duration": 4.3 } ], "original_duration": 4.3, "transcript": " 수유실이 따로 있나요?  ", "original_num_samples": 68800 },
  { "files": [ { "sample_rate": 16000.0, "encoding": "Signed Integer PCM", "fname": "train_data/20190508201000_01098510604_819_3.wav", "silent": false, "channels": 1, "num_samples": 96320, "bitrate": 16, "speed": 1, "duration": 6.02 } ], "original_duration": 6.02, "transcript": " 배달 얼마나 걸려요?  ", "original_num_samples": 96320 },
  { "files": [ { "sample_rate": 16000.0, "encoding": "Signed Integer PCM", "fname": "train_data/20190508233612_01063995230_896_2.wav", "silent": false, "channels": 1, "num_samples": 103360, "bitrate": 16, "speed": 1, "duration": 6.46 } ], "original_duration": 6.46, "transcript": " 주차공간 문의하려고 전화드렸습니다  ", "original_num_samples": 103360 },
  { "files": [ { "sample_rate": 16000.0, "encoding": "Signed Integer PCM", "fname": "train_data/20190508191748_01074147469_513_9.wav", "silent": false, "channels": 1, "num_samples": 58240, "bitrate": 16, "speed": 1, "duration": 3.64 } ], "original_duration": 3.64, "transcript": " 고등학생인데 따로 학생할인이 되는게 있나요?  ", "original_num_samples": 58240 },
  { "files": [ { "sample_rate": 16000.0, "encoding": "Signed Integer PCM", "fname": "train_data/20190508201000_01098510604_819_1.wav", "silent": false, "channels": 1, "num_samples": 98304, "bitrate": 16, "speed": 1, "duration": 6.144 } ], "original_duration": 6.144, "transcript": " 주말에 영업해요?  ", "original_num_samples": 98304 },
  { "files": [ { "sample_rate": 16000.0, "encoding": "Signed Integer PCM", "fname": "train_data/20190508192212_01074147469_378_8.wav", "silent": false, "channels": 1, "num_samples": 45280, "bitrate": 16, "speed": 1, "duration": 2.83 } ], "original_duration": 2.83, "transcript": " 크리스마스 당일에 오픈하나요?  ", "original_num_samples": 45280 },
  { "files": [ { "sample_rate": 16000.0, "encoding": "Signed Integer PCM", "fname": "train_data/20190508180553_01049417469_156_3.wav", "silent": false, "channels": 1, "num_samples": 65920, "bitrate": 16, "speed": 1, "duration": 4.12 } ], "original_duration": 4.12, "transcript": " 제공되는 와인 종류를 알려주세요  ", "original_num_samples": 65920 },
  { "files": [ { "sample_rate": 16000.0, "encoding": "Signed Integer PCM", "fname": "train_data/20190508201000_01098510604_819_6.wav", "silent": false, "channels": 1, "num_samples": 95360, "bitrate": 16, "speed": 1, "duration": 5.96 } ], "original_duration": 5.96, "transcript": " 분리된 예약석이 있을까요?  ", "original_num_samples": 95360 },
  { "files": [ { "sample_rate": 16000.0, "encoding": "Signed Integer PCM", "fname": "train_data/20190508204407_01063995230_548_3.wav", "silent": false, "channels": 1, "num_samples": 90720, "bitrate": 16, "speed": 1, "duration": 5.67 } ], "original_duration": 5.67, "transcript": " 아이가 먹을 음료수도 있나요?  ", "original_num_samples": 90720 },
  { "files": [ { "sample_rate": 16000.0, "encoding": "Signed Integer PCM", "fname": "train_data/20190508191748_01074147469_513_6.wav", "silent": false, "channels": 1, "num_samples": 64000, "bitrate": 16, "speed": 1, "duration": 4.0 } ], "original_duration": 4.0, "transcript": " 학생할인 받으려면 무엇이 필요한가요?  ", "original_num_samples": 64000 },
  { "files": [ { "sample_rate": 16000.0, "encoding": "Signed Integer PCM", "fname": "train_data/20190508201000_01098510604_819_2.wav", "silent": false, "channels": 1, "num_samples": 98304, "bitrate": 16, "speed": 1, "duration": 6.144 } ], "original_duration": 6.144, "transcript": " 그거 배달 되나요?  ", "original_num_samples": 98304 }
]